mav,rms
8.79473938805634e-08,1.1682151386346316e-07
8.895186432481964e-08,1.1872667458571652e-07
8.619114642510112e-08,1.1344267544085688e-07
1.1316740541660329e-06,1.4186498915839213e-06
1.1463280224460657e-06,1.4578334210984958e-06
1.208902847849743e-06,1.5202133633375862e-06
1.2374301282907623e-06,1.539623548583467e-06
1.2064752976827406e-06,1.5080059737741296e-06
1.2625412687002377e-06,1.5661496892269903e-06
1.2437909957380413e-06,1.5641518853761756e-06
1.241020991706079e-06,1.5519763737221761e-06
1.258633490465918e-06,1.5759950814273864e-06
1.2778685002948866e-06,1.5991341290941226e-06
1.2330130752553836e-06,1.5488806083537994e-06
1.2828134243325587e-06,1.6127752640552648e-06
3.72948722040494e-05,4.979514053514368e-05
2.8087243952414673e-05,3.735367770292869e-05
2.9922915441130634e-05,4.1683214863673613e-05
2.930229653103301e-05,3.8471474278735695e-05
2.362451080668949e-05,3.0893185165157096e-05
2.5393891564736053e-05,3.3946123826129055e-05
7.921367987884657e-05,0.00018993854823025428
3.426154805191503e-05,4.4632182104324013e-05
9.229465479023871e-05,0.00018592211504641902
4.58461447592888e-05,6.229008576933342e-05
3.085308435299551e-05,4.308441691640424e-05
3.921211552419334e-05,5.329677621736542e-05
1.2184730668844097e-06,1.515503713837785e-06
1.2252866805388965e-06,1.5477465849934704e-06
1.2474284591185701e-06,1.5549003567922974e-06
1.2650631634405442e-06,1.5782564647267746e-06
1.2304909663547041e-06,1.545011339933134e-06
1.2769052322593114e-06,1.592485537218306e-06
1.2470799159964658e-06,1.5678951391075847e-06
1.2205029533602177e-06,1.5379643134751304e-06
1.2455497449291602e-06,1.5611836441181202e-06
1.2550571744718775e-06,1.566933100685993e-06
1.216137131174588e-06,1.5161533642650644e-06
1.2687972151218931e-06,1.5914276035486046e-06
1.4089277952533369e-05,1.6941019684333864e-05
1.2812054563125142e-05,1.4852141589223696e-05
1.324578850465393e-05,1.5612840695463537e-05
1.1913888539891122e-06,1.5053312357782618e-06
1.204606540137226e-06,1.5184294985063368e-06
1.2395710766358927e-06,1.5566525089128817e-06
3.796983943059828e-05,5.098737352434857e-05
2.750459691623895e-05,3.5771956150830285e-05
3.0721919469959825e-05,4.363784752760486e-05
1.2371397064841024e-06,1.5429280737996116e-06
1.2327707611180294e-06,1.5437612885410915e-06
1.25539880367602e-06,1.573805870065525e-06
4.111781822678279e-05,5.494945147019911e-05
2.8610965082742852e-05,3.853035470154085e-05
3.203702848465634e-05,4.520015236090474e-05
3.486529520784915e-05,4.6253015182232606e-05
2.6109227122099004e-05,3.4817987710153957e-05
2.909851932896934e-05,3.9591220791007386e-05
5.251262312361449e-05,6.608172011054387e-05
5.674231376742701e-05,7.07909661686891e-05
6.754581106328036e-05,8.53458812464069e-05
1.2232701114683797e-06,1.549714529141813e-06
1.2203053376475704e-06,1.5340548855747548e-06
1.2366604840709347e-06,1.5579176114827387e-06
3.768780369648346e-05,5.030564850602285e-05
2.8903267972724733e-05,3.802052103488595e-05
3.653741948765908e-05,4.690549303311735e-05
1.204871334702e-06,1.520416724459338e-06
1.2417486499308222e-06,1.5470813151226318e-06
1.2496183203931644e-06,1.5535246816783966e-06
9.24104345549487e-08,1.2153911513014297e-07
8.588447740513284e-08,1.1429370717183896e-07
8.55582020074326e-08,1.142081480111186e-07
1.1650522868671724e-06,1.456416883221725e-06
1.1390406318374622e-06,1.4193720897788927e-06
1.1655252968842704e-06,1.4827718080122485e-06
1.2448852921743405e-06,1.5686612375280043e-06
1.1842139231501222e-06,1.4622228142172541e-06
1.1921329786507214e-06,1.503923730755923e-06
1.2788844678812965e-06,1.5991420507309716e-06
1.171224300274656e-06,1.4631115633576414e-06
1.2441048318015144e-06,1.5702213126627173e-06
1.2866681183353906e-06,1.6196576717291173e-06
1.1982491161507476e-06,1.489773572564486e-06
1.2474111036444297e-06,1.5935997467953049e-06
2.9840217995136745e-05,4.453085119109309e-05
3.22017649385642e-05,4.557156981408875e-05
3.166604560514621e-05,4.7282602628809856e-05
2.436736234920698e-05,3.435436680132924e-05
2.5283746264313605e-05,3.485570813559488e-05
2.433177893270298e-05,3.4202972961869494e-05
2.922868774036585e-05,3.960245526879556e-05
2.8636992744120997e-05,4.147521494387259e-05
2.8860380381115516e-05,3.925038369657935e-05
3.552607052086703e-05,5.273261660833456e-05
4.594563599589518e-05,6.887480674117211e-05
5.77232098998415e-05,8.624100753161089e-05
1.2222867961344873e-06,1.5304837091639406e-06
1.1900420365396138e-06,1.4739434144272611e-06
1.1874370523538417e-06,1.5215707597409949e-06
1.2764908364950242e-06,1.5925329989004073e-06
1.1918836077060264e-06,1.492998321158408e-06
1.2187962983964559e-06,1.564781820542937e-06
1.2415411617789645e-06,1.5593085404465048e-06
1.1658915197200743e-06,1.4646690609020767e-06
1.190334208782368e-06,1.5175131593778829e-06
1.2462995650487781e-06,1.5688830094550884e-06
1.203481802675476e-06,1.5022633116412482e-06
1.2745969947339055e-06,1.5941698560428542e-06
1.2672417276810802e-05,1.4689457387155644e-05
1.3010627841721493e-05,1.531047387020899e-05
1.3877922326230745e-05,1.672005664542633e-05
1.254893974428874e-06,1.5808926219051203e-06
1.1799964604183233e-06,1.4667763608065404e-06
1.1986508340379024e-06,1.516967029994874e-06
2.958270116069443e-05,4.327311288194079e-05
3.360172927986495e-05,4.840621353509617e-05
4.0363430865701116e-05,5.76095900747997e-05
1.2319648369575696e-06,1.5375628046077773e-06
1.2054141838728753e-06,1.4834670992084246e-06
1.2445488740919166e-06,1.5828548307173943e-06
3.0794729127469396e-05,4.685034888480303e-05
3.525800660386724e-05,5.0218218237090074e-05
3.471875135082196e-05,5.293994369875364e-05
2.8559940580702394e-05,4.1528770601228756e-05
2.9472479357841322e-05,4.156024211994258e-05
2.9660876571910517e-05,4.3302512778850895e-05
5.350781116296952e-05,6.651886983797693e-05
4.922282760143711e-05,6.153628408481762e-05
5.316412862481034e-05,6.963134142843914e-05
1.242150101353686e-06,1.5616184296281188e-06
1.189802540949857e-06,1.4756204928870018e-06
1.217756225091781e-06,1.5350829418440598e-06
3.561555356344099e-05,4.894593650608309e-05
3.4027626889355196e-05,4.6632177511581345e-05
3.6496490385653326e-05,5.0228569977690745e-05
1.2732640309478628e-06,1.5945482366159823e-06
1.1665963946078387e-06,1.4531847135688108e-06
1.2281597726836408e-06,1.5534608790017433e-06
8.360819087709082e-08,1.1155067675268395e-07
8.384556824735653e-08,1.1106740421134356e-07
8.23384899047149e-08,1.0871754454191504e-07
1.1749013562259465e-06,1.456057347047969e-06
1.1127622076018268e-06,1.4217310760728543e-06
1.1317281878056734e-06,1.4290573556769252e-06
1.2659917906612368e-06,1.592147806945237e-06
1.1930498210316062e-06,1.5225235966794764e-06
1.2132574764319036e-06,1.5318014204053664e-06
1.254337950967038e-06,1.5724441064348706e-06
1.2237252856393989e-06,1.5517133549042878e-06
1.2683565051281303e-06,1.5851976231997084e-06
1.2487465941544105e-06,1.5569122359760878e-06
1.2349881665702064e-06,1.567249163272395e-06
1.2239921082650358e-06,1.5500174269304059e-06
2.048926300631612e-05,2.735644195182962e-05
2.6026009965386455e-05,3.690016413863697e-05
2.5310861671199128e-05,3.490610625382403e-05
1.7508270081305294e-05,2.2770609420048527e-05
2.160761702393611e-05,2.981720889077919e-05
2.1065802755554225e-05,2.8423283839693677e-05
7.033524458432366e-05,0.00019992749058837022
0.00010722630595484559,0.00022561560255296152
8.429742028768108e-05,0.00017557594960043949
6.0697007423945083e-05,9.913683142312882e-05
4.937084841379963e-05,6.991659958292432e-05
3.443223710381961e-05,4.897407482995844e-05
1.240324280268038e-06,1.552491167024277e-06
1.1941226405067714e-06,1.509126355556418e-06
1.2147359995779484e-06,1.5476694843266094e-06
1.262110953346238e-06,1.582010381952731e-06
1.235115997411822e-06,1.565397716742901e-06
1.272573069337642e-06,1.5998225095029916e-06
1.2145366052574051e-06,1.531537432860564e-06
1.217384121607635e-06,1.549858436792907e-06
1.2146560631942574e-06,1.536631056411071e-06
1.251521940102687e-06,1.5624785353558525e-06
1.2152095164879675e-06,1.5437315517784914e-06
1.215754412527865e-06,1.5505282190107397e-06
1.3311055595867924e-05,1.5894483614474714e-05
1.2642072365358479e-05,1.4787708261625898e-05
1.2436215659908117e-05,1.4456800504522617e-05
1.2396356648825382e-06,1.5465922340201445e-06
1.2104636877149125e-06,1.5317829590001275e-06
1.252838783712266e-06,1.5870615462792817e-06
2.9877897081975648e-05,3.948289046544732e-05
3.3400628603146185e-05,5.43729892924743e-05
3.808246048964917e-05,5.1408488134783726e-05
1.2404906337232815e-06,1.5523837792473714e-06
1.186297253917508e-06,1.4960368883607976e-06
1.2263357370991928e-06,1.5512074614225567e-06
2.4784525354862273e-05,3.288938718521586e-05
2.897329365823293e-05,4.2160669034638585e-05
2.7786173461477676e-05,3.7892535957041554e-05
1.8985014601611992e-05,2.5271186602548567e-05
2.4831011058388512e-05,3.483242067642892e-05
2.4291952834458712e-05,3.3481770930175716e-05
5.071759923881751e-05,6.387478001799806e-05
5.246799376312907e-05,6.605714666304364e-05
4.349435337242013e-05,5.398411568592519e-05
1.2257666178538097e-06,1.5471896583768347e-06
1.2024456859374534e-06,1.5246156274865089e-06
1.2092058050749662e-06,1.5391358428047273e-06
2.7196297102053878e-05,3.523694949564378e-05
2.9681329908832413e-05,3.992002735377068e-05
2.828650163789758e-05,3.749111065560127e-05
1.251400087885157e-06,1.5625283200595956e-06
1.2346407552015711e-06,1.5661837893394937e-06
1.2490822425739036e-06,1.57217801151304e-06
8.175843272640507e-08,1.0844378567522313e-07
8.734898753532653e-08,1.1604715448269989e-07
8.544847327387517e-08,1.147498109152839e-07
1.1274850415535454e-06,1.4049344292412758e-06
1.1771082003533796e-06,1.4657915377266252e-06
1.1593444452164606e-06,1.44270018763802e-06
1.198862162210933e-06,1.4999284092881158e-06
1.1968381968900571e-06,1.498051865590206e-06
1.1544593497981167e-06,1.459254523201077e-06
1.2156830759313195e-06,1.5305212818791668e-06
1.2422446529076137e-06,1.5438893962560301e-06
1.2094408844616267e-06,1.5245873104113424e-06
1.215370662787868e-06,1.523472893523557e-06
1.2236899259459912e-06,1.5369213330167264e-06
1.1889640159794377e-06,1.5038640837630293e-06
2.61332977881505e-05,3.5313987447257376e-05
2.3168119140737646e-05,3.178976235512678e-05
3.860580829990107e-05,5.458761584092475e-05
2.1501234310540764e-05,2.8233401770815296e-05
2.0310209018683384e-05,2.6954635810080295e-05
3.0821742069758244e-05,4.1706237656692886e-05
2.1699853917027295e-05,2.840747367668003e-05
2.1770180819022502e-05,2.8581028218824416e-05
3.3190869127168454e-05,4.493251115404568e-05
3.475354680917512e-05,4.8579119752306463e-05
3.696978141636834e-05,4.904835909653865e-05
5.389616792860116e-05,7.852138893076466e-05
1.2085300516379727e-06,1.5056354976970367e-06
1.2344205966102076e-06,1.5533223270991456e-06
1.1836088828450786e-06,1.4831804861103476e-06
1.1969928403058803e-06,1.497209387805797e-06
1.242422582073169e-06,1.5455715457157177e-06
1.155849350913743e-06,1.4586295812721336e-06
1.2064453740950755e-06,1.5016376515439007e-06
1.1946149834196224e-06,1.4881479425960048e-06
1.1777425792794137e-06,1.4837871757018435e-06
1.2104541208504013e-06,1.5214124063912564e-06
1.248162552400172e-06,1.5512027964607921e-06
1.218588588740141e-06,1.540290831874218e-06
1.2716470002670496e-05,1.5020631998409024e-05
1.2571723534450044e-05,1.4785342908172294e-05
1.2971726216558158e-05,1.5454183460527408e-05
1.2110518377766704e-06,1.5034170083100693e-06
1.2029517028686106e-06,1.514916716966515e-06
1.1637043295280299e-06,1.4703889303217914e-06
3.0263797924243627e-05,4.077724400583453e-05
2.4204699467457486e-05,3.231137333017943e-05
3.73688629498681e-05,5.233914131998439e-05
1.1592652744125945e-06,1.4458697015453597e-06
1.2360266943570756e-06,1.5328338979264006e-06
1.1925798269027172e-06,1.4885813413617582e-06
2.7266675634980928e-05,3.668091577882172e-05
2.1942964137735734e-05,3.0507397634101787e-05
4.530417840570245e-05,6.34117128519084e-05
2.5162454468647208e-05,3.376557691935982e-05
2.2671345939666e-05,3.069416903212239e-05
3.7080838769553464e-05,5.120064133652391e-05
4.6323521910866816e-05,5.917805820356952e-05
3.923357252437393e-05,4.8417369480829254e-05
4.4024674392801014e-05,5.683383789369911e-05
1.1696195864760402e-06,1.447385012787272e-06
1.2270936687191422e-06,1.5380591964192107e-06
1.1812761584744432e-06,1.489354039454439e-06
2.688911981643069e-05,3.564643091153919e-05
2.5073911193747634e-05,3.438797699275305e-05
3.872136823426213e-05,5.312332998776372e-05
1.201777707350747e-06,1.4937664378847142e-06
1.22154164176062e-06,1.523139354845271e-06
1.181193210736868e-06,1.4865640119739156e-06
8.393749710758972e-08,1.1251994110935287e-07
8.298067413993446e-08,1.104512042671331e-07
8.558786021559526e-08,1.1323981066902339e-07
1.1431313314957836e-06,1.4226176568370475e-06
1.1099465023528331e-06,1.3814529680957752e-06
1.206487100550964e-06,1.5198158280092886e-06
1.1853268545528871e-06,1.4816652224255504e-06
1.1607942676012638e-06,1.4642586033837222e-06
1.2342883780338838e-06,1.5585483751472059e-06
1.1970501533730073e-06,1.4805406820484522e-06
1.2116173323727262e-06,1.5264100322533053e-06
1.2632589643543192e-06,1.5842070844688663e-06
1.2113518951997783e-06,1.5150394810125167e-06
1.2102057591818306e-06,1.5166525214506633e-06
1.2620813377787393e-06,1.5933745894425899e-06
2.733995230656991e-05,3.660552172920187e-05
2.6136732715214035e-05,3.630251771963748e-05
3.24586178049702e-05,4.6453939584193304e-05
2.107439987277421e-05,2.807736181157692e-05
2.1042248963213756e-05,2.8316793141456376e-05
2.6426372481277112e-05,3.716152501395869e-05
2.101095747436859e-05,2.7963108809709435e-05
2.2889261411855386e-05,3.02710629875907e-05
6.391800523529071e-05,0.000187980019028146
4.208436559559397e-05,5.82380205202272e-05
3.788730729042416e-05,5.512920980359984e-05
6.02727158613038e-05,9.080375570042427e-05
1.1813254489966097e-06,1.4699994773163005e-06
1.1963500327717615e-06,1.496635363609552e-06
1.2190504233602382e-06,1.5450552817355515e-06
1.2176304123486167e-06,1.5183532389698717e-06
1.23464595160477e-06,1.543106335004998e-06
1.278983276411345e-06,1.60701373729559e-06
1.1672262995680714e-06,1.4434530072507244e-06
1.181883177192748e-06,1.4870840007847581e-06
1.2633232905539695e-06,1.6126088382515033e-06
1.225380997763721e-06,1.5280276515566125e-06
1.2749366797195662e-06,1.5928895331286961e-06
1.241704306142948e-06,1.5660912014125176e-06
1.2473936803891753e-05,1.4712284608846101e-05
1.2255731098288412e-05,1.435223828398653e-05
1.5754407561622372e-05,2.4227711245887026e-05
1.2048350677169674e-06,1.4946916754151264e-06
1.1950074824447944e-06,1.5074511827216523e-06
1.2142313799260967e-06,1.5404994786295512e-06
3.378337647905385e-05,4.4808316606569184e-05
3.233928170544865e-05,4.467665898740889e-05
3.737846906607601e-05,5.317018293954439e-05
1.1951372049245702e-06,1.482638611548969e-06
1.1987222376766183e-06,1.5136382668244418e-06
1.2414931425609274e-06,1.5726612099339565e-06
2.7317244399548586e-05,3.755923685241295e-05
2.803600063953891e-05,3.853461313855199e-05
3.810270437320235e-05,5.354809223548488e-05
2.485446594188387e-05,3.37446047909558e-05
2.496735311192648e-05,3.4099199505338126e-05
3.0515779264215898e-05,4.340067415741889e-05
3.6031443874376146e-05,4.5681364392339536e-05
4.882582343839505e-05,6.016979596956408e-05
4.9998650773411706e-05,6.268039894854915e-05
1.218778952943187e-06,1.5153533973891972e-06
1.1726046613788347e-06,1.4809708010435177e-06
1.2563173679569814e-06,1.6005282159566275e-06
2.588116003803864e-05,3.5165800847978346e-05
2.4995890122250027e-05,3.435816259044589e-05
3.369057730868341e-05,4.892005213415197e-05
1.2080220761141885e-06,1.492395848955848e-06
1.167993335135482e-06,1.4713389227673442e-06
1.2706763221858969e-06,1.60045172802676e-06
8.854974221611372e-08,1.1846138314556993e-07
9.040366652690549e-08,1.2094962267871883e-07
8.726887069863409e-08,1.179800995618386e-07
1.2331280106059395e-06,1.5230811114058722e-06
1.1891462260795035e-06,1.4907283000207455e-06
1.870331979626258e-06,2.7299262024668484e-06
1.2747121675053825e-06,1.5750120058573528e-06
1.2420211299125313e-06,1.5471545259338135e-06
0.00022947886923865987,0.0004540880816880827
1.331220974994861e-06,1.6493007915535278e-06
1.2403778835520105e-06,1.5460832307991998e-06
2.5470456629025053e-06,3.98027081182221e-06
1.3245089364283448e-06,1.638440461410197e-06
1.2174625489362309e-06,1.507601650855014e-06
2.4429312393279007e-06,3.808730706199806e-06
2.8058519617978292e-05,3.747468782470155e-05
3.606404268375445e-05,5.007232001799408e-05
0.0002515228053994281,0.00043298797540260007
2.319052406943476e-05,3.0478090145142577e-05
2.815702267304277e-05,3.850774454504973e-05
0.00024754866999008565,0.00043203759891178526
2.4557693197760507e-05,3.20881903469674e-05
2.705473148469078e-05,3.540921891132011e-05
0.0002619618414908684,0.0004542928710019753
4.447732968270894e-05,6.212113050049777e-05
4.264618468869689e-05,5.889174348812574e-05
0.0002695308454422932,0.0004507568751188064
1.2862968954303414e-06,1.5901622873580685e-06
1.246527344171055e-06,1.5391472371372822e-06
2.1801197354483233e-06,3.2594441950378967e-06
1.3195549448158652e-06,1.6275713620742087e-06
1.245838653239671e-06,1.550600157020035e-06
1.8797754046564144e-06,2.6733167347639435e-06
1.2949722474835477e-06,1.611679108957212e-06
1.2347118104898509e-06,1.5261951064493765e-06
2.3632515646331977e-06,3.6535420349407292e-06
1.3171818875211628e-06,1.6454635504717466e-06
1.245496816158872e-06,1.5531260461134387e-06
2.3156427830180284e-06,3.5035475618917343e-06
1.2215280787897696e-05,1.4321546299581028e-05
1.2577869572063658e-05,1.5000457727821676e-05
0.0002501606396160333,0.00044163751157219074
1.3106894391551317e-06,1.625624641964992e-06
1.260823532544179e-06,1.556460247403154e-06
2.7152261266780634e-06,4.345114430620243e-06
3.1750209391212586e-05,4.2923887391954124e-05
3.5496827519417804e-05,4.688432778495848e-05
0.0002544944771935205,0.00043472101168525585
1.273463028420845e-06,1.576157331507433e-06
1.2103005706521898e-06,1.5090443911149448e-06
2.3495905639545626e-06,3.6803852383557597e-06
3.0302235796855913e-05,4.057070643910022e-05
3.765500613796226e-05,5.4617134786362826e-05
0.00026087084422014926,0.0004562023622484646
2.687555169890428e-05,3.570768572779589e-05
3.3626368460693454e-05,4.6677883814492987e-05
0.0002567775725102822,0.0004422587904703403
4.3548163776753996e-05,5.4988703049123824e-05
5.066191632488473e-05,6.362013647426924e-05
0.0002739495062480962,0.00044493857634156283
1.2739823539937766e-06,1.5847483358385496e-06
1.2299809026752297e-06,1.5259401317504255e-06
0.0002330492943377513,0.00045749585580507013
2.9423409556882555e-05,3.822189395198929e-05
3.804037064878466e-05,5.279306019326239e-05
0.0002560184370709893,0.00044177373778479296
1.3272423425741916e-06,1.6490267219989581e-06
1.2510465299481766e-06,1.5502190703774927e-06
2.554322798653688e-06,3.974229949216977e-06
9.091500200732776e-08,1.213145118821141e-07
8.796873348042463e-08,1.1733966593186415e-07
9.206074640758869e-08,1.2241882844506668e-07
1.2055485527277087e-06,1.5076174046840153e-06
1.16069439806077e-06,1.4548761700167706e-06
1.1534170384723018e-06,1.4478938170674618e-06
5.652102350305147e-05,0.0001235604144072654
1.1809317516368483e-05,1.4676093851978399e-05
1.3028221781146816e-05,1.6723966609610613e-05
1.2517332050862395e-06,1.5719835610839665e-06
1.231342528014541e-06,1.5541576591454378e-06
1.232876409176157e-06,1.5434216129492103e-06
1.3154783316825671e-06,1.6416990880169093e-06
1.2514703394560267e-06,1.5688117561510232e-06
1.2080055612776073e-06,1.5125840285361558e-06
2.8209513183687464e-05,4.767792946392995e-05
2.684056344298856e-05,3.624797418394594e-05
2.5028674155804418e-05,3.66642428735188e-05
2.5585040676622962e-05,4.46656706300385e-05
1.9821550479491335e-05,2.670840736611569e-05
1.822417149440245e-05,2.7678070055472208e-05
2.8468993321768398e-05,5.358431286129112e-05
2.05535670784638e-05,2.7766538883064702e-05
1.8138125905680943e-05,2.7205137698239443e-05
3.0806930537990415e-05,5.629339870352289e-05
2.5176868338011075e-05,3.4941058101845644e-05
2.231459307711732e-05,3.514052197556313e-05
1.2379828966186547e-06,1.5479893151520063e-06
1.2175715649234795e-06,1.5228476709969944e-06
1.1778577031753186e-06,1.4776410002012151e-06
1.2928134647214521e-06,1.6063744964942628e-06
1.2845015518489044e-06,1.6057783274502459e-06
1.2666103802638038e-06,1.5525382719137802e-06
1.2628003007186766e-06,1.577856981090158e-06
1.2358923626582195e-06,1.5450754507824892e-06
1.2033496542359655e-06,1.5131541905451737e-06
1.268658585309359e-06,1.5898924951629886e-06
1.2379243563658512e-06,1.554668589667041e-06
1.2590041967737982e-06,1.5671671584958265e-06
2.5202718924888636e-05,4.651530902450455e-05
1.1369884033961021e-05,1.3679965773626418e-05
1.1536611778132747e-05,1.3928056873032265e-05
1.2834882690781009e-06,1.6046756880001048e-06
1.177079026447246e-06,1.478679753512189e-06
1.2288975431523572e-06,1.532425724523099e-06
2.8278054027934164e-05,4.945822348477571e-05
2.553832796762003e-05,3.460728246149429e-05
2.5531089272649487e-05,3.712710415835876e-05
1.3308734210071766e-06,1.6475912203639546e-06
1.2313646560335792e-06,1.5415091989714059e-06
1.2104395084346578e-06,1.4941723217655019e-06
2.6750848474437868e-05,4.998733182475235e-05
2.5963314511899785e-05,3.6335229865284695e-05
2.2354153651118186e-05,3.495592696452267e-05
3.008172318782599e-05,5.255944685091986e-05
2.2965467096885904e-05,3.166024719768539e-05
2.0555066946259875e-05,3.204587881740916e-05
3.353507101498964e-05,5.442901894635165e-05
5.2030495653716165e-05,6.518100838903437e-05
6.145574461830643e-05,8.171783129296256e-05
2.8746235075277077e-05,4.484624076693356e-05
1.929311029322474e-05,2.5880823310431633e-05
1.8201975500425603e-05,2.712950785664178e-05
2.9027053829852358e-05,4.956714968936999e-05
2.452453416738697e-05,3.3461639258076e-05
2.1671110982974567e-05,3.349540725212009e-05
1.2536387662192176e-06,1.5789395976708694e-06
1.249860699731475e-06,1.5524209691987943e-06
1.1841901840229165e-06,1.4804076600899529e-06
9.000404924245337e-08,1.1811322151786119e-07
9.025383741974801e-08,1.2153566043747793e-07
9.010566896415599e-08,1.1908699850011556e-07
1.1523886181879354e-06,1.4315408608138625e-06
1.3111260315595804e-06,1.778573720055864e-06
1.3004402982163171e-06,1.6792573063306862e-06
1.8164734561990605e-06,3.0812244452771944e-06
8.51405205499091e-05,0.0001765571234206303
9.334124568281833e-05,0.00019854171429608468
1.2072086086353943e-06,1.5146320572199177e-06
1.587913669782733e-06,2.231973011251985e-06
1.4750749234609808e-06,1.9014068660061728e-06
1.1868150551487342e-06,1.4918427240712565e-06
1.6098900436927298e-06,2.275924103621176e-06
1.4311361793980623e-06,1.8880037914910003e-06
2.269678381795081e-05,3.063281224248379e-05
8.736482191416548e-05,0.00017011607929144155
0.00010010805319967084,0.0001917992734970696
1.866027955670184e-05,2.555888940040924e-05
8.467543520276671e-05,0.00016796811029527752
9.497083124304836e-05,0.00020118521540223874
1.8504506502632185e-05,2.5249956394722236e-05
9.089872989731176e-05,0.00018040017989838159
9.369485912953767e-05,0.00019037566081935784
1.8719559825311676e-05,2.7420514766356875e-05
8.90533161628916e-05,0.00017229829304545
9.463976379995419e-05,0.00019107143678304315
1.223843702031822e-06,1.5407843169273645e-06
1.5013223611381585e-06,2.018120274587213e-06
1.3477448217752222e-06,1.7610365575285711e-06
1.2392199509631022e-06,1.5464744326396527e-06
1.3911451713312576e-06,1.8375212572642668e-06
1.3092873433583403e-06,1.6777629648448393e-06
1.1940208157228862e-06,1.4905081283597908e-06
1.5404352369693378e-06,2.1590146468891377e-06
1.408327277780781e-06,1.8474507454698562e-06
1.2099247213145536e-06,1.5091147015347602e-06
1.490688598569243e-06,2.031860310776511e-06
1.3969023464713236e-06,1.8372222441473998e-06
1.0822962559673461e-05,1.3321535653807112e-05
8.756318591060245e-05,0.000176662393827293
8.854451490603225e-05,0.00019003976679990984
1.1583796541716873e-06,1.4463148416862282e-06
1.6111053871773713e-06,2.2882627810761976e-06
1.4758971238629713e-06,1.9706397113026224e-06
2.1586942591514877e-05,3.010682759634222e-05
8.880213152937674e-05,0.00017217411175703883
9.606482936190216e-05,0.0001880640432768337
1.1882307842622973e-06,1.4917082615523286e-06
1.5304783372472496e-06,2.1207666221906975e-06
1.4051811766097869e-06,1.8450988674515375e-06
2.396930854114317e-05,3.3222599257030284e-05
9.158435013500043e-05,0.000179100330351632
0.00010332977957863719,0.00021532152547579792
1.7988149311873403e-05,2.578410102902243e-05
8.889456810590113e-05,0.00017374953790225562
9.282531093771707e-05,0.00018709915174742228
3.651147930893258e-05,5.0151578140319914e-05
8.976044668438323e-05,0.0001704625777090166
0.00010169757294391955,0.0001873699988856277
2.239542230046311e-06,4.656087889928761e-06
8.477052902433507e-05,0.00017207804429515987
0.00010152655939991439,0.00020598943051659046
1.9902134543557515e-05,2.814654549540354e-05
8.69968350925069e-05,0.00017200882718498741
9.823767096790235e-05,0.00019643665525465224
1.2205819172881195e-06,1.5343405509783324e-06
1.583863839808785e-06,2.2168044282130674e-06
1.5001021383738795e-06,1.9591665454269333e-06
8.945168262024976e-08,1.1698025250460448e-07
9.391876273202647e-08,1.2437202079667503e-07
9.157480074413078e-08,1.206340806334914e-07
1.145655358597635e-06,1.411147472034893e-06
1.1635575578625708e-06,1.466427586577187e-06
1.211365184374062e-06,1.5017507513396815e-06
1.5415738982499017e-05,2.5597680520470432e-05
1.298855479456762e-05,1.6665164307741113e-05
1.0317484225076341e-05,1.2216134228472045e-05
1.2321482896599227e-06,1.5122890090281043e-06
1.252040671426116e-06,1.5721527690763397e-06
1.2503240274618696e-06,1.5533385452097946e-06
1.1941536457309715e-06,1.469777360087439e-06
1.2555907511434396e-06,1.5575753999008553e-06
1.2365375843749054e-06,1.5534035417057034e-06
3.27634961903386e-05,4.439355361631642e-05
3.784827778380579e-05,5.003212101046621e-05
2.9489508676936505e-05,3.7356854129211504e-05
2.336029107668671e-05,3.4526560781625286e-05
2.163110674598001e-05,3.092565497133576e-05
1.7698932824531773e-05,2.4079189046298277e-05
2.432557821656377e-05,3.6134710562091395e-05
2.631009107681776e-05,3.79235223759897e-05
2.037751301411945e-05,2.7462073075360425e-05
2.815892116808771e-05,4.010630314026816e-05
3.749099897988789e-05,5.713736469481645e-05
3.132237065441782e-05,4.5891072612302996e-05
1.215287075046491e-06,1.5104731733546296e-06
1.230489020682221e-06,1.533733090445652e-06
1.2498505689985357e-06,1.5523287352819121e-06
1.1977325890039776e-06,1.4774901337206253e-06
1.2269681827838602e-06,1.5275251878322181e-06
1.2590107359971736e-06,1.5621038389804953e-06
1.2025630434755194e-06,1.4846876320315284e-06
1.2192027261618562e-06,1.5301357328140097e-06
1.2480521124978376e-06,1.5408123297001545e-06
1.2005209742020013e-06,1.4971373571519934e-06
1.2649652903681568e-06,1.570229388303154e-06
1.2804608972055135e-06,1.6001667808123981e-06
1.5621478588719014e-05,2.6219678179846795e-05
1.0146562832303032e-05,1.185083222226786e-05
9.981997632241117e-06,1.1548535550906145e-05
1.1838394827896398e-06,1.470370979443576e-06
1.2260037525467268e-06,1.5317331639114009e-06
1.2743718040799229e-06,1.5930467725259226e-06
2.9547264648714134e-05,4.1627353098520224e-05
3.0141152306705545e-05,4.161872102594071e-05
2.4920336805196958e-05,3.33546508511769e-05
1.1985710445363098e-06,1.4691804193304073e-06
1.2487691953808438e-06,1.554012497770632e-06
1.25518004904656e-06,1.5445743316078488e-06
2.9536601839490956e-05,4.2273111655845614e-05
3.250361365924721e-05,4.7130527767494533e-05
2.28910362628234e-05,3.190070385619223e-05
2.594822117256316e-05,3.72110472693396e-05
2.5776885858885533e-05,3.710484824453039e-05
2.023076932591362e-05,2.793197770428656e-05
4.4749587598726195e-05,5.742556258178515e-05
4.751779350867646e-05,6.0491087875005464e-05
4.4016417923770365e-05,5.3529534720698094e-05
2.303136887902007e-05,3.4017798212788696e-05
2.2372379918965383e-05,3.1512921437742885e-05
1.8286772735182974e-05,2.4766450074565754e-05
2.75125079416621e-05,3.9361151397850485e-05
2.8150904080177482e-05,4.101094945680182e-05
2.0784735135033667e-05,2.88006307414208e-05
1.1835087331014972e-06,1.4605615585406907e-06
1.2480427918554498e-06,1.562055566277217e-06
1.2524728905717004e-06,1.5574416172763045e-06
9.357394275585861e-08,1.2363789570002728e-07
9.084920225475399e-08,1.1881495298152275e-07
9.322658617155567e-08,1.2200951608567332e-07
1.1404408849165438e-06,1.4205156434535646e-06
1.1279637061623685e-06,1.4166242584898055e-06
1.1921875229129046e-06,1.4918278668874349e-06
1.1497856386691598e-06,1.4455904169536028e-06
1.2122316157111672e-06,1.5142891841501239e-06
1.281761500020309e-06,1.6130373919396067e-06
1.1952697378784272e-06,1.493776446786913e-06
1.211412918382049e-06,1.5266092017166453e-06
1.252904979805799e-06,1.5904171368632318e-06
1.1807304114871615e-06,1.4707319846482434e-06
1.1883781807238421e-06,1.5028674240496838e-06
1.2835587675110473e-06,1.6364372576567274e-06
2.1369345866143598e-05,2.834474495590267e-05
2.3960036680867383e-05,3.237102304793449e-05
2.4351479646195e-05,3.413993680137103e-05
1.698952068381194e-05,2.2415587511623472e-05
1.774306156761877e-05,2.3728358968109632e-05
1.74138233762286e-05,2.4475617180168227e-05
1.5457412492107563e-05,2.0673015284749947e-05
2.3912450340385877e-05,3.2346258684487024e-05
2.0414017649766066e-05,2.7321288489834213e-05
2.1629085621887458e-05,2.948462243721134e-05
2.435364744864318e-05,3.2780051517577565e-05
2.9971429895571813e-05,4.262148445523828e-05
1.174935427143797e-06,1.4715997477003642e-06
1.211094847308439e-06,1.5327269522032082e-06
1.2614234465836057e-06,1.6058216873429945e-06
1.1757059826672203e-06,1.4810986213193622e-06
1.1980896870061888e-06,1.5136359721722012e-06
1.29957261907357e-06,1.6418834998874524e-06
1.1772123724701398e-06,1.476521185405811e-06
1.2177049319216635e-06,1.5254334669300048e-06
1.2789032073767846e-06,1.6174944469474516e-06
1.2181081299948827e-06,1.5249802923836594e-06
1.213820831443418e-06,1.5263175866300618e-06
1.2131691874883793e-06,1.527172193920902e-06
1.0348555887060233e-05,1.170382664677604e-05
1.0605244177096919e-05,1.214049315694409e-05
1.0647364231953905e-05,1.2202047271218508e-05
1.1779642122045834e-06,1.4673577316627372e-06
1.1900444230691077e-06,1.5008392954175032e-06
1.2830674271916236e-06,1.613962253941413e-06
2.1357204707786562e-05,2.8692774496313368e-05
2.331977841295476e-05,3.183788089391005e-05
2.548156235832817e-05,3.501733421484064e-05
1.2018614708517665e-06,1.4964746398080228e-06
1.1618902521487808e-06,1.4616029538426988e-06
1.2596765832549942e-06,1.5990893714868533e-06
2.0785921712409587e-05,2.903514657873127e-05
2.350590568374153e-05,3.2587500706140495e-05
2.3620496788985455e-05,3.4625816500056085e-05
1.836177900378388e-05,2.5072082855618257e-05
2.102665342091899e-05,2.873021453807531e-05
2.0583735030002344e-05,2.980325563713529e-05
3.594014533716726e-05,4.5462158614299523e-05
3.5761793551461696e-05,4.5363944227697996e-05
3.409834914535991e-05,4.397133825219411e-05
1.181792889675293e-06,1.4704872162310678e-06
1.1687539238920135e-06,1.4798329061548337e-06
1.2438874101973846e-06,1.5733150290747255e-06
1.9948238090377535e-05,2.798091112029438e-05
2.1758035893913466e-05,2.9907574113059854e-05
2.1286321697058033e-05,3.146786187378578e-05
1.1908664461139928e-06,1.4912169420160935e-06
1.2126540784227394e-06,1.5059191046628703e-06
1.2498726022424744e-06,1.5748370353822254e-06
9.40457650215123e-08,1.228730865324291e-07
9.323974946261224e-08,1.2138080003509806e-07
9.493080882103783e-08,1.2416653748727388e-07
1.1704804761978224e-06,1.5007736436287806e-06
1.2080521033158947e-06,1.4919351931476257e-06
1.0648157763224114e-06,1.3447565546255027e-06
1.2217329053495823e-06,1.5392928384687183e-06
1.23223462690782e-06,1.5322910398756867e-06
1.1549122211342983e-06,1.4409204363348957e-06
1.2889555551198654e-06,1.6120017738668412e-06
1.2493869783097623e-06,1.5573391648854608e-06
1.1702608668864678e-06,1.4579901571733947e-06
1.2689929231320388e-06,1.6103352307273463e-06
1.2304242725714672e-06,1.5366909884032357e-06
1.1596310561025614e-06,1.4450578814649916e-06
2.1016090951967823e-05,2.7664904342291375e-05
2.4641612477275006e-05,3.2556237324578946e-05
2.3536924135276343e-05,3.11345644756703e-05
1.5558746117700595e-05,2.05431629719148e-05
1.765087181592364e-05,2.3527801074000564e-05
1.7630585418060385e-05,2.2995245786049322e-05
1.6484427132288435e-05,2.1828306086669714e-05
2.080168347008404e-05,2.8822152440093568e-05
1.8427391146113212e-05,2.448326721870737e-05
1.918434478785015e-05,2.6957114500158107e-05
2.8826657549133383e-05,3.815937859326025e-05
2.3390261353401087e-05,3.230293039120576e-05
1.2078743100647215e-06,1.5130044648702917e-06
1.2537052264562897e-06,1.5543416575822046e-06
1.1431448642742121e-06,1.4269213525664145e-06
1.2597676604824075e-06,1.6006021657254887e-06
1.2604196058602313e-06,1.5678185757768463e-06
1.1671329051418755e-06,1.4534445941686251e-06
1.2723486792841482e-06,1.6066632402142981e-06
1.248997443056615e-06,1.562218646345032e-06
1.176934591794027e-06,1.4838307001675188e-06
1.288177091599365e-06,1.6323357236240927e-06
1.268444167415031e-06,1.577118609309643e-06
1.1994238277652587e-06,1.4967659615527444e-06
1.05067369678418e-05,1.2031384190831679e-05
1.0567761795217378e-05,1.212586495328214e-05
1.0499322200349887e-05,1.1998188665631879e-05
1.2704769126250767e-06,1.6003216208883525e-06
1.2045905948717179e-06,1.4960172521058807e-06
1.1310563767365439e-06,1.4218019742074918e-06
2.1156328282508157e-05,2.7843817873771185e-05
2.3775070114663504e-05,3.193533528059576e-05
2.452478623890897e-05,3.251379816476046e-05
1.2471805938820672e-06,1.5710468445547953e-06
1.2083725150523624e-06,1.5016106478136814e-06
1.1939758595112305e-06,1.4840737144257097e-06
2.0449471476322017e-05,2.821405058229329e-05
2.3697506016650622e-05,3.296625626990162e-05
2.3712561054660954e-05,3.188949898094785e-05
1.8350683908511805e-05,2.4788323733770894e-05
2.097877319068643e-05,2.857311717860255e-05
2.1169105441413915e-05,2.8208687953843132e-05
3.2357285714260894e-05,4.202523593258878e-05
3.5729590732345056e-05,4.433855992392811e-05
4.17833326808566e-05,5.3506482248796166e-05
1.2256015359143402e-06,1.5540599536917004e-06
1.2075207917510031e-06,1.5015694037511753e-06
1.1717638423549632e-06,1.4649545614314906e-06
1.889599548565504e-05,2.5572752581467453e-05
2.262847517591133e-05,3.1290384218733395e-05
2.1687820377604144e-05,2.8805165603221538e-05
1.2446719181239738e-06,1.5726951604207789e-06
1.2487732671406478e-06,1.5478073927898027e-06
1.1400917716264262e-06,1.434406814399284e-06
9.137482574528033e-08,1.2125988503157177e-07
9.378340475341258e-08,1.2341670670598949e-07
8.921451422228374e-08,1.1710409118975697e-07
1.122909534259262e-06,1.4014853500046045e-06
1.1529761618144919e-06,1.4586973188577377e-06
1.165372907897236e-06,1.4888856252136428e-06
1.1900578279898072e-06,1.479116571286381e-06
1.2243212722950008e-06,1.5498721679380036e-06
1.2466436580622635e-06,1.583603399716103e-06
1.2299162072605216e-06,1.5437800876264431e-06
1.1999029150218143e-06,1.5091278057237298e-06
1.1942658545865823e-06,1.5053569293727696e-06
1.2106227230128597e-06,1.5211147391015236e-06
1.2379421728194096e-06,1.5619191545312991e-06
1.2866191094954428e-06,1.6380458734256943e-06
2.3292057061159583e-05,3.095335347738525e-05
2.507460516231321e-05,3.289388969830559e-05
2.4394968817582376e-05,3.258887386896086e-05
1.708282557354736e-05,2.355299322823172e-05
1.954930664631694e-05,2.6064043956692452e-05
1.7408563185853096e-05,2.3232032435380754e-05
1.9766708770722116e-05,2.6371505651710507e-05
1.8396531291396922e-05,2.445968580906829e-05
1.8550738673914655e-05,2.5128434855604874e-05
2.324270318679674e-05,3.325220119598929e-05
2.4083035909950618e-05,3.2414486044667626e-05
2.3871090127566904e-05,3.298572645353002e-05
1.188943241724398e-06,1.4789853643412168e-06
1.227155395496782e-06,1.552984364607843e-06
1.2165988551489329e-06,1.5407856143133093e-06
1.2132506027680643e-06,1.5243286365445919e-06
1.2145660479869162e-06,1.5330138884967035e-06
1.2491709523469857e-06,1.5779687353425458e-06
1.1730757022843494e-06,1.484652768438203e-06
1.2172077818302468e-06,1.536010941668356e-06
1.2696282543287207e-06,1.6152860286897435e-06
1.2215139837540902e-06,1.5400568396606653e-06
1.2661319622141208e-06,1.5922922304657626e-06
1.2453006192626312e-06,1.593884287406978e-06
1.0390819636251054e-05,1.1891267778949922e-05
1.0389103452522558e-05,1.185314637961345e-05
1.0454247795598275e-05,1.1982449213702006e-05
1.1880031150023593e-06,1.4865665260813764e-06
1.23122256054261e-06,1.5511234582739498e-06
1.2230080688821575e-06,1.5662885949760431e-06
2.3219571204011322e-05,3.117035604904339e-05
2.431728179374965e-05,3.214760001360528e-05
2.3869943633513418e-05,3.218529260601945e-05
1.184741590958688e-06,1.474200414728644e-06
1.242090382611527e-06,1.561914322305734e-06
1.2157996276257097e-06,1.5324653894756338e-06
2.298982445949909e-05,3.249538272993073e-05
2.4022037625871475e-05,3.179505462102167e-05
2.370957340231147e-05,3.3038932257827844e-05
1.9620203652344393e-05,2.7664866184759265e-05
2.185390534267369e-05,2.9203236970596884e-05
2.0693895115683604e-05,2.833381583245081e-05
3.208008859464934e-05,4.0948982206049175e-05
2.4890499686217334e-05,3.272242089085382e-05
3.306932516147393e-05,4.328979406843047e-05
1.148359122911594e-06,1.4341306705156491e-06
1.2071310932717515e-06,1.519756031351875e-06
1.2205081888583674e-06,1.5613963385177896e-06
2.0132650127811598e-05,2.863878721651578e-05
2.21530885365595e-05,2.9643266387787324e-05
2.136437081110275e-05,2.969073137916297e-05
1.2152798634290037e-06,1.5127120787547033e-06
1.221423967951821e-06,1.540620668139341e-06
1.2451426896813837e-06,1.564190677447512e-06
9.058471668909603e-08,1.2058230722797094e-07
9.211527062045672e-08,1.2134651548593954e-07
8.799764353141426e-08,1.1790772440924714e-07
1.104424407867633e-06,1.3877109280930463e-06
1.1490040074913612e-06,1.4394651896529993e-06
1.2081951167928e-06,1.5338879587197444e-06
2.3043372051110405e-05,4.023249920552846e-05
9.950851556706925e-06,1.1855441035967024e-05
9.661593540571914e-06,1.135477692426208e-05
1.2246938104500941e-06,1.5315608373037172e-06
1.2140432740999465e-06,1.5320095538016611e-06
1.2983744636792566e-06,1.627229691835622e-06
1.18672134638362e-06,1.4858360637453995e-06
1.2286702048071414e-06,1.5351533916389398e-06
1.2706947143709533e-06,1.5825898837376447e-06
2.44244631147014e-05,4.315953023844394e-05
2.588698342217747e-05,3.989484293672268e-05
3.317073982655728e-05,4.9185692153583625e-05
2.048925780361885e-05,3.59520653834752e-05
2.0428697289482873e-05,3.024260169726226e-05
2.6130316156773466e-05,3.741115085030638e-05
2.199157206859155e-05,3.823200340812898e-05
2.142121132555909e-05,3.165656733312288e-05
2.5569653296621063e-05,3.71238508862342e-05
2.7538234555394235e-05,4.693417830452018e-05
3.046104132711943e-05,4.492134148309624e-05
3.582188802205813e-05,5.155693418747319e-05
1.2241356055756008e-06,1.54059291328207e-06
1.1965600667236894e-06,1.4859645939625562e-06
1.2825563779132265e-06,1.5986202207474737e-06
1.2198900131027117e-06,1.524349698117378e-06
1.231325124593716e-06,1.5301338675195898e-06
1.306178743324592e-06,1.6270950939260208e-06
1.2170260521860305e-06,1.533606770843791e-06
1.2206647429144185e-06,1.5321788579424016e-06
1.2871265452465135e-06,1.6045937332475516e-06
1.1962277121980848e-06,1.507567098134434e-06
1.213242140759875e-06,1.5393634767313298e-06
1.2842183842169793e-06,1.6213177092671726e-06
1.7708785541676646e-05,3.6171624162285824e-05
9.842844308180553e-06,1.1590046059598627e-05
9.763187060729045e-06,1.1488636874227654e-05
1.2052335431431352e-06,1.512114823989278e-06
1.1764653485156696e-06,1.4629228524059288e-06
1.2710281646812733e-06,1.588278649386629e-06
2.650859992818522e-05,4.6923857160262485e-05
2.6670831941135784e-05,4.043962387361867e-05
3.320047059942645e-05,4.887147153245241e-05
1.2249291989083602e-06,1.5231739575106755e-06
1.2082052845182345e-06,1.5092367682217524e-06
1.2605292036468858e-06,1.5843047675900222e-06
2.6248548989745828e-05,4.5359818212438745e-05
2.8104749473354892e-05,4.362380953537409e-05
3.482799021197739e-05,5.212884216159604e-05
2.8633492459486498e-05,4.768512402817743e-05
2.3619090250556332e-05,3.6275101784234016e-05
3.0554307441019074e-05,4.5362154687123655e-05
2.872121805734251e-05,4.765219151873993e-05
3.4906627794280145e-05,4.8205281467148434e-05
3.901516299317381e-05,5.366413653419391e-05
3.055328239430316e-05,5.0100115232616815e-05
1.9375262119998192e-05,2.9237693929008596e-05
2.628977507458454e-05,3.728430200456303e-05
2.4053322913309476e-05,4.0767273459960864e-05
2.560384086198606e-05,3.8412523445323515e-05
3.469070484410246e-05,5.010832302919186e-05
1.1927752824695865e-06,1.4995558486159329e-06
1.2156526691384357e-06,1.5251611210459102e-06
1.3003046256456333e-06,1.6354976281308631e-06
9.097728483912145e-08,1.1994776882496667e-07
9.407190427795452e-08,1.2339423620417907e-07
9.238999427034515e-08,1.2306323469428016e-07
1.2266636120135582e-06,1.5362920603801376e-06
1.120423177529076e-06,1.3997955402997188e-06
1.1822630365411489e-06,1.4856988462506043e-06
1.276000561480443e-06,1.5979271339355013e-06
1.2011080453474058e-06,1.491749077152201e-06
1.2811301372121452e-06,1.5998438558468992e-06
1.2400769132981624e-06,1.56504106106409e-06
1.232329154388667e-06,1.5229130811563188e-06
1.2577768914515088e-06,1.5769020465555373e-06
1.2694068000512122e-06,1.6012520661424165e-06
1.2591535122740066e-06,1.5576983693947263e-06
1.2147580169703785e-06,1.5318742501772923e-06
2.8700210970260216e-05,4.18831883436971e-05
2.484091899673417e-05,3.732887887438381e-05
2.9496873582215965e-05,4.3255743877745255e-05
2.3191700349507773e-05,3.3357804413115924e-05
2.0463996538173223e-05,2.8927832826801774e-05
2.216730738444673e-05,3.251469167044249e-05
2.2667652820493276e-05,3.295279111587071e-05
2.0755334409024882e-05,2.9400188762912412e-05
2.361662007056787e-05,3.315189845141412e-05
4.851157935252535e-05,8.163224260289961e-05
2.799622078835418e-05,3.979655023809547e-05
3.5094793995833775e-05,5.05194291721641e-05
1.2529035035686473e-06,1.569145695283046e-06
1.188452100118767e-06,1.4807523900616663e-06
1.2374341745623571e-06,1.562017812394155e-06
1.3017376629643495e-06,1.6214290501689714e-06
1.2385773395823012e-06,1.5314422281611048e-06
1.2185290610778454e-06,1.5290931230949198e-06
1.2656798262097682e-06,1.5960122238887974e-06
1.1829435366971019e-06,1.4756009560464828e-06
1.2615746233069087e-06,1.582472564673715e-06
1.2510787049237538e-06,1.5718823908048956e-06
1.1823469023817181e-06,1.4781614681958097e-06
1.2683763430803282e-06,1.59291171547331e-06
1.036347852781196e-05,1.201468594784943e-05
1.0523143829431305e-05,1.2241498488197867e-05
1.030735325757782e-05,1.1864824181474533e-05
1.2596907742886675e-06,1.5811760685391903e-06
1.1868552179026598e-06,1.4773028166012656e-06
1.2727535895865085e-06,1.5804585525356642e-06
2.8917540782542727e-05,4.202465348700405e-05
2.546189619515416e-05,3.77220088864334e-05
2.9093340816625492e-05,4.313295363728553e-05
1.25756245617664e-06,1.5713950315956249e-06
1.1837816232278645e-06,1.47456022204232e-06
1.2447806295916852e-06,1.5468491773721623e-06
2.7334249425116428e-05,4.1223970579619145e-05
2.5291732021580788e-05,3.898765447632948e-05
2.8891048619039135e-05,4.364587733899054e-05
2.621321756304803e-05,3.88328167684555e-05
2.3168616768900694e-05,3.449529291320831e-05
2.582628919889603e-05,3.884323159182684e-05
3.250365036505256e-05,4.448567540440008e-05
3.10882019912051e-05,4.2411222614735935e-05
3.7556449041523445e-05,5.108808863257696e-05
1.2520374909815552e-06,1.5674289943284412e-06
1.2194539402466455e-06,1.513565359559764e-06
1.2234971315878194e-06,1.534763275149882e-06
2.7523297383242388e-05,4.061328806406535e-05
2.3914547366448938e-05,3.603375354910032e-05
2.6971475958583157e-05,4.019151255427596e-05
1.2541308463497446e-06,1.5697956023264382e-06
1.2017996236322456e-06,1.4889258029471089e-06
1.2895248665408078e-06,1.61947162921753e-06
9.351204159390264e-08,1.2321309249503601e-07
9.03811428734477e-08,1.2012428689311697e-07
9.219879212966432e-08,1.2362390467920472e-07
1.2022517599708123e-06,1.5152939002361704e-06
1.1990268596369732e-06,1.483305578495563e-06
1.1280723866515359e-06,1.4137942412016814e-06
1.2084782266848674e-06,1.5331031301747928e-06
1.2177360066339889e-06,1.515819099464229e-06
1.2029963888985916e-06,1.4946183973232244e-06
1.254105286494705e-06,1.5812315851075754e-06
1.2237110503609916e-06,1.5134361198317212e-06
1.2201485483862243e-06,1.5282356151292894e-06
1.2646806277033402e-06,1.586201901852814e-06
1.2642560204536309e-06,1.5672502162072398e-06
1.2103667624905367e-06,1.5212944564635961e-06
3.008874533243876e-05,4.4090483003030454e-05
3.239641241273978e-05,4.930277240379603e-05
3.106247572782049e-05,4.7196538564305376e-05
2.496709217894408e-05,3.500077716965096e-05
2.5560179322624477e-05,3.682389087461639e-05
2.4195067475330503e-05,3.535845556167238e-05
2.7341079650731087e-05,3.697766642300725e-05
2.793591478383122e-05,4.0056105498858006e-05
2.6228664799719144e-05,3.8515746099312675e-05
7.215116645287153e-05,0.00012835471805078475
3.5212141221535586e-05,5.1155965693567505e-05
3.891533586448318e-05,6.296992596858661e-05
1.2462144010200614e-06,1.5704563010575311e-06
1.2183035141447608e-06,1.503556589868417e-06
1.2293659938051368e-06,1.5411854834878193e-06
1.248272322134975e-06,1.5763656711364722e-06
1.2470477445442437e-06,1.5400492484833858e-06
1.2236342547520373e-06,1.529710732357464e-06
1.2317856404031392e-06,1.55740988728443e-06
1.2369368055439844e-06,1.540302081456359e-06
1.2227175625980198e-06,1.5327492951039463e-06
1.2745168086533686e-06,1.6109790295505627e-06
1.2711130751557822e-06,1.5788297224767396e-06
1.2169923865187025e-06,1.540563546517056e-06
1.0509391481831534e-05,1.2313922470703216e-05
1.0354196148135224e-05,1.1995190840060908e-05
1.1059084942833178e-05,1.3219734701429545e-05
1.2210124586963425e-06,1.545222685287294e-06
1.237340571888641e-06,1.5493617978661735e-06
1.2264108656117123e-06,1.5380486496611758e-06
3.0180250479096383e-05,4.388587540016989e-05
3.383347640487616e-05,5.0246126747529884e-05
3.227910851333701e-05,4.9126216758099754e-05
1.2130592893367006e-06,1.5307871749460063e-06
1.2146965549374116e-06,1.5151686599453422e-06
1.2391902009886003e-06,1.5453454127748467e-06
3.378223368240778e-05,4.9511226751794235e-05
3.5027631873801406e-05,5.3966035807860276e-05
3.93463403068974e-05,5.69087845075401e-05
2.7687391908782588e-05,4.031871171289487e-05
2.9699016124856677e-05,4.504223787285948e-05
2.8460119420615116e-05,4.331933377594028e-05
3.221734866124721e-05,4.2969864494893384e-05
3.622940483307812e-05,4.837732743196882e-05
3.629477312513005e-05,4.862532556083274e-05
1.2423874197130526e-06,1.5529638416460206e-06
1.2519294301629006e-06,1.5536806674363004e-06
1.16615680851129e-06,1.4500871621446522e-06
3.107770555044595e-05,4.405962412826892e-05
3.290841791952738e-05,4.9850685227896314e-05
3.0351730184236925e-05,4.6488254497693095e-05
1.2365751646577203e-06,1.5664771353276062e-06
1.22346070032368e-06,1.5301763427674008e-06
1.2293494225630986e-06,1.5491080588002684e-06
9.230836083215847e-08,1.2476770118403376e-07
8.573096415193122e-08,1.1492163683695759e-07
8.878863702874516e-08,1.2025138500078915e-07
1.2059373436550978e-06,1.5253080232275207e-06
1.2146662048321171e-06,1.517530903514916e-06
1.1246159174858135e-06,1.422764438074946e-06
1.0752352117380046e-05,1.3168212917581906e-05
1.0528409852308523e-05,1.333510356978434e-05
3.178523910056943e-05,9.572666997259379e-05
1.226973027058562e-06,1.5490934665596564e-06
1.275491053414184e-06,1.5931801458479799e-06
1.2553118805475547e-06,1.5971975969138983e-06
1.2297326903392353e-06,1.5557491189596261e-06
1.3256172816187537e-06,1.6382909675525956e-06
1.2547717353650342e-06,1.588984192767704e-06
3.264678334348195e-05,4.997023769085884e-05
2.7737429794134316e-05,4.0375573853581684e-05
5.0541388907832705e-05,0.00010897680500013942
2.6471131274497475e-05,4.235428069735173e-05
2.0706216759307133e-05,3.0604565731794385e-05
4.4270123795757514e-05,0.00010765615969891827
2.7707176657177995e-05,4.297121784974936e-05
2.2600299209571887e-05,3.2292844197917235e-05
4.519101551722406e-05,0.00010267105235878871
3.443553066294934e-05,5.419215223535432e-05
2.8803527537064778e-05,4.208809982314764e-05
4.955900267923407e-05,0.00010837885470297301
1.2912673819261026e-06,1.6186269154059344e-06
1.3141451759798453e-06,1.631570853397682e-06
1.2485055847485642e-06,1.5795687371505958e-06
1.2669959980546893e-06,1.6126644636455556e-06
1.2879923858189926e-06,1.6045770979323523e-06
1.2346897236568223e-06,1.569767671934714e-06
1.2344610871746275e-06,1.5538543061963157e-06
1.3156974914692076e-06,1.6476137899598222e-06
1.2342761417457748e-06,1.5575722855693917e-06
1.2612415018538268e-06,1.5942047745340997e-06
1.332755127922329e-06,1.6565439969565675e-06
1.298537998168837e-06,1.6296716881498258e-06
1.1797073799756098e-05,1.684031078921101e-05
1.019108633733618e-05,1.2674336564444016e-05
2.9176171919982858e-05,8.456261184277404e-05
1.2011576258698882e-06,1.522370359449372e-06
1.2711655624756999e-06,1.5892066852045377e-06
1.2069738567908373e-06,1.5410002680079577e-06
2.8019764406450932e-05,4.058267024352264e-05
2.8905335391620186e-05,4.1793044256347953e-05
5.059656026822073e-05,0.00010759297464385566
1.2356077102711828e-06,1.5550208032292892e-06
1.283121033900975e-06,1.5970811707320063e-06
1.2162025237397093e-06,1.5604451004871666e-06
3.099889496467948e-05,5.0486695710563165e-05
2.9464664306258366e-05,4.3272532362291364e-05
5.3488897931752275e-05,0.00012012937738287906
2.500583661703025e-05,3.812647105112976e-05
2.495224571622142e-05,3.7074341507482664e-05
4.743245224916024e-05,0.00010441081569371987
3.587656288239969e-05,5.278848462101531e-05
3.6266479208648384e-05,4.858808336416002e-05
5.449382043957372e-05,0.00010888284967124618
2.140416162240643e-05,3.167128283220232e-05
2.1296336854713093e-05,3.1353325311958764e-05
4.582165233032348e-05,0.00011090700037769285
3.298261172263991e-05,5.0990302790678894e-05
2.7470120163554135e-05,3.990629469668104e-05
5.044558169598023e-05,0.0001117542982139239
1.274943580473586e-06,1.5955452310553414e-06
1.3337597425021649e-06,1.670374099041756e-06
1.1974155370091085e-06,1.5392742936724252e-06
8.857410648860681e-08,1.1744806375929199e-07
9.118105251139599e-08,1.218232377159292e-07
8.923535443525908e-08,1.1894756805642102e-07
1.5665354195052988e-06,2.147575994794262e-06
1.7990844024966093e-06,2.410205775088233e-06
1.8231332230830224e-06,2.5413755726980088e-06
0.00018897132134739484,0.00039144748452242615
0.0002559354211839913,0.00041440207209092033
0.00014907370507642587,0.0002913963536664299
1.9094576048297654e-06,2.805877808661065e-06
2.330918044675583e-06,3.2547082546337937e-06
2.220351023578594e-06,3.317879013881315e-06
1.9592442081165467e-06,2.8416007791638844e-06
2.298421609538777e-06,3.222326852476271e-06
2.1901129212215904e-06,3.2616150581490816e-06
0.00019535686210759955,0.0003893868110258536
0.00025638948129096275,0.00039238140737441667
0.00014238445018801706,0.0002942528207040577
0.00019610227613856977,0.00039905393321912786
0.00025109337978167066,0.0003872077689996891
0.00014204091321168578,0.0002952505749056879
0.00019944601828624913,0.0003968171771200602
0.00026405525498395834,0.0004052602205824761
0.00014874572187761466,0.00030389112387482433
0.00019358688475532178,0.00039199052687693536
0.0002573123287959478,0.0003939738746008727
0.00014223060116334732,0.00029607453663622435
1.745559092683729e-06,2.476400477859363e-06
2.0572977555489525e-06,2.8180536432245356e-06
1.9994828893603614e-06,2.9076641396213734e-06
1.5865985596019695e-06,2.1891360694981035e-06
1.8163081140393556e-06,2.4215018649760577e-06
1.8959260952300633e-06,2.6293636984074084e-06
1.8294363880192167e-06,2.6659857310925523e-06
2.2185562009329616e-06,3.0812285106965695e-06
2.1367847154640954e-06,3.137626428206762e-06
1.8101942399825781e-06,2.597713810664173e-06
2.1744033542209307e-06,3.016562112738404e-06
2.1136624438759244e-06,3.087875999182656e-06
0.0001961366647327617,0.000394541643706286
0.0002649925178211699,0.0004038278920811043
0.00014627600025414833,0.00030053952911861676
1.954236817069368e-06,2.892192180313575e-06
2.372405281930089e-06,3.347267190525307e-06
2.2910232304901275e-06,3.453584561669221e-06
0.00019687873660429687,0.0003894296065007384
0.0002623861191259946,0.0004001660978766848
0.00014376154779550035,0.00029469950412794375
1.8451892308757434e-06,2.640950058719302e-06
2.2344403932589715e-06,3.095446541760168e-06
2.0878610718511227e-06,3.0906273846310335e-06
0.0002088586900045195,0.00042285671949307546
0.0002590791709110897,0.00039760122413362147
0.00014927401402956464,0.0003134487061997804
0.00019845053084583758,0.0003930938597235393
0.00026646250304780136,0.0004059716393971526
0.00014420281853204148,0.0002957508154714529
0.0001937609160442079,0.0003937336945557435
0.0002566406750199821,0.0003917878420967664
0.000144582278553135,0.000298004070421986
0.0001948405310131534,0.0003953881977001628
0.000256819149956101,0.00041232285906347407
0.00014371253931946078,0.00028051581983341004
0.00019985537372127385,0.00039622784464424135
0.00026115774567005455,0.00040363433327949986
0.00014466741628821352,0.00029644116535369774
1.877106539983967e-06,2.7366582693441056e-06
2.2524969419961127e-06,3.155443679434056e-06
2.2215231005665776e-06,3.240352002636349e-06
9.029783942080596e-08,1.184350869613057e-07
8.677208426421535e-08,1.189785981263085e-07
8.648274846485182e-08,1.192315830001219e-07
1.7458874238392859e-06,2.402940859114691e-06
1.5047891903199541e-06,2.0506190419557376e-06
1.9351231118024794e-06,2.747292797442293e-06
0.00020103026107049258,0.0003628649093136265
0.00016027545610528525,0.0003586492340166309
0.00021207329350278584,0.0004012291434599786
2.1383524331703314e-06,3.0834971601171295e-06
1.7590902554493247e-06,2.581385569966998e-06
2.4357123399459653e-06,3.5707596583304536e-06
2.216875570290454e-06,3.146602188438023e-06
1.7631864775917752e-06,2.5080638706197064e-06
2.408587400986392e-06,3.4541108001663923e-06
0.000171471154285139,0.00034549786904863525
0.00015938730180573138,0.00034848780737103773
0.0001475198350365698,0.00028663200786970753
0.00017374080146433563,0.0003460341701980437
0.00015652233098877768,0.0003492232958529781
0.00014317547900259185,0.0002842634137854515
0.00017383418182105462,0.00035261741550788613
0.000162184464571876,0.00035505071177856934
0.00015380959425756626,0.0002975464901308062
0.0001742686829741087,0.00034869582742205854
0.00015855839213000208,0.0003479131297300605
0.00014907981987954602,0.0002890472220683959
1.970587827651934e-06,2.7345761448393693e-06
1.6234754008082923e-06,2.2800851720346665e-06
2.144328474188709e-06,3.0893643201602614e-06
1.7715937934206066e-06,2.3852211152042363e-06
1.5604823078404521e-06,2.1226756494951082e-06
1.92321561251482e-06,2.6950636041972625e-06
2.0704345809540913e-06,2.945468590938715e-06
1.6713712124949486e-06,2.3605835694395367e-06
2.282686255832076e-06,3.304519996048759e-06
2.0497533498778746e-06,2.8971162745138616e-06
1.7168852879849135e-06,2.423140200615349e-06
2.3021112098532517e-06,3.340244571690131e-06
0.00017250901292041907,0.0003506059898346384
0.00015851326085842998,0.00035790086497342993
0.00015539473035890942,0.00030162036765735335
2.2099302217635837e-06,3.195373092412126e-06
1.7851741452169488e-06,2.6194336922221413e-06
2.462648260444465e-06,3.621731254276226e-06
0.00016971948188167734,0.00034528216269724313
0.00016247314577507905,0.00035435408369853034
0.00015445398534280855,0.0002967585202197495
2.0103386867689827e-06,2.8824162288362927e-06
1.7009022039620456e-06,2.430939583942944e-06
2.320431871090361e-06,3.3558985840310407e-06
0.00018592640553106478,0.00036770685431934745
0.00016632913840997632,0.0003652199507471409
0.00014465964914540922,0.0002924604509619192
0.00017148705498498315,0.0003469896433296958
0.0001641327425958961,0.00035950228891675146
0.00015800502274745086,0.00030427693320737013
0.00017489836023617422,0.0003511835401098261
0.00015884864199167264,0.00034889641542742067
0.00014707238373234865,0.0002855352735858801
0.00020289584295971042,0.0003605221955899818
0.00016376167769227446,0.0003604652405442668
0.00020718035989590686,0.00039350131429489186
0.00017344547761278907,0.0003500248572657206
0.00016009381166766509,0.0003525297521386885
0.00015170348496508024,0.0002918222911515688
2.0940761133025335e-06,3.0107194315885415e-06
1.7191336612819123e-06,2.419205543669092e-06
2.364756522801616e-06,3.4444853125564815e-06
7.874427465556046e-08,1.108444035835986e-07
8.318896509583933e-08,1.1976194369918352e-07
8.838497386609075e-08,1.274342580016184e-07
1.1673788369604048e-06,1.4606919565294747e-06
1.147218585532654e-06,1.4393695546861253e-06
1.1000230589833382e-06,1.380274188351492e-06
1.1680811784521032e-06,1.4838682620352482e-06
1.1607513234766465e-06,1.4536343366623673e-06
1.2058848889365597e-06,1.5012678146297485e-06
1.2156914572765718e-06,1.5283222610661569e-06
1.2087703078264796e-06,1.5076201552473295e-06
1.19748074689964e-06,1.5011755498137141e-06
1.2169559585172918e-06,1.5307474951062914e-06
1.1670460882097435e-06,1.4627647356612709e-06
1.2159996795088003e-06,1.524523759049847e-06
2.5800859243460915e-05,3.508202307611287e-05
2.310161410636782e-05,3.232157053485854e-05
2.0304931568038713e-05,2.6972950721541744e-05
1.7996866205783213e-05,2.5186671039277956e-05
1.6508265325264626e-05,2.321216351942925e-05
1.5824279263871278e-05,2.1119161020791517e-05
1.7899189485537462e-05,2.5072518904496425e-05
1.738334985561313e-05,2.379558491940479e-05
1.5355702908833892e-05,2.101032781510318e-05
2.683442799046855e-05,3.6541539297124835e-05
2.483723049618449e-05,3.679804204237081e-05
2.0473578243036e-05,2.8916927330553186e-05
1.2349284396536974e-06,1.5527731146040618e-06
1.1874466525805023e-06,1.4948967541112848e-06
1.1757892604994812e-06,1.4732161480827586e-06
1.203550119805762e-06,1.5051478734683384e-06
1.2406799981434509e-06,1.5375339346731641e-06
1.2114223424123711e-06,1.5293706466573104e-06
1.2562659626844246e-06,1.5785432809058322e-06
1.18572204223064e-06,1.482209222499681e-06
1.1835999580817512e-06,1.478168319190547e-06
1.2739743020812344e-06,1.6003443026080472e-06
1.2188263351556497e-06,1.5506830195892365e-06
1.2372080541699205e-06,1.5602741933200643e-06
9.869890307149598e-06,1.159552041710946e-05
9.688573996158492e-06,1.1236848558062646e-05
9.591769976261285e-06,1.1053833221519854e-05
1.2094411236349429e-06,1.5318014374205613e-06
1.1771199226694897e-06,1.4661381448386428e-06
1.184786057405042e-06,1.4886140753074003e-06
2.6024798570662214e-05,3.565929859792469e-05
2.4893508144254647e-05,3.409172041747792e-05
2.064062094352918e-05,2.738870462376629e-05
1.2112283110478697e-06,1.5228628688598577e-06
1.1849919594437155e-06,1.4803833447077557e-06
1.234217914767952e-06,1.538590587068079e-06
2.4879915119993692e-05,3.568567279730147e-05
2.2885919992964963e-05,3.394342147928528e-05
3.2727857563193485e-05,4.852538932392456e-05
2.1784554514174365e-05,3.10199652170294e-05
2.0371338999954558e-05,2.9622379699200787e-05
1.7178094580476135e-05,2.3723945149911338e-05
3.0796988898971175e-05,4.1752033319075454e-05
2.3144877630902783e-05,3.336191943073981e-05
1.8922738237167424e-05,2.55609774661823e-05
1.1963103410262968e-06,1.5092033369031335e-06
1.1826702538711115e-06,1.4799288889926985e-06
1.19225044076248e-06,1.4961221007465891e-06
2.2578203787828944e-05,3.1304181571336393e-05
2.0968628994774075e-05,2.9928933996222576e-05
1.7876940624269195e-05,2.5031022864620826e-05
1.2350685545944815e-06,1.5530432930691783e-06
1.212736801273272e-06,1.5291932949394503e-06
1.1942644835995026e-06,1.492667969100585e-06
8.435230813973318e-08,1.203207678786837e-07
8.543596642260622e-08,1.1954671814393402e-07
8.410858425351131e-08,1.1820038092626494e-07
1.2118422182598678e-06,1.5485118471435903e-06
1.1729326572737666e-06,1.4939431727683628e-06
1.1157662290958305e-06,1.4102430452181172e-06
1.239417309191785e-06,1.5526282668084152e-06
1.2343030087365715e-06,1.5587548797222609e-06
1.1754379443093134e-06,1.4621581663309405e-06
1.2567943332632634e-06,1.595507859192304e-06
1.2758769920318579e-06,1.6232386252445596e-06
1.2082645165658538e-06,1.4943645126851186e-06
1.2566397747909727e-06,1.5748934366169179e-06
1.2426925949627891e-06,1.5707036686608977e-06
1.169294204272884e-06,1.4668480828674767e-06
2.5235079758890205e-05,3.3567409880847185e-05
2.185728843349228e-05,2.8514528797298547e-05
2.7554700888709203e-05,4.017304399229338e-05
1.6548224967152896e-05,2.273564857566875e-05
1.7112222182287852e-05,2.3232728504226813e-05
1.9672364641764727e-05,2.9180202354077286e-05
1.876582176485504e-05,2.5268106536291158e-05
1.6401351107763243e-05,2.1214674787304664e-05
2.141046987388741e-05,3.202779950180775e-05
2.4536983507561714e-05,3.427038596372721e-05
2.1855419591370888e-05,3.0297119602339698e-05
2.65896354635438e-05,4.047882825053751e-05
1.2439187727557124e-06,1.5776516130872989e-06
1.2553003135339883e-06,1.5785310481496404e-06
1.1942416066959586e-06,1.486676108221156e-06
1.289140160877647e-06,1.61984317060196e-06
1.2584849120405585e-06,1.6098759590198773e-06
1.2255056840276175e-06,1.5189547034552494e-06
1.2251729172057492e-06,1.551626823960312e-06
1.2511383580294452e-06,1.5865246226623215e-06
1.1911248337728236e-06,1.4726852343781715e-06
1.2849349475847517e-06,1.610535129552504e-06
1.2499382925088058e-06,1.5863528146754246e-06
1.2427641160145675e-06,1.5344692326317706e-06
9.519693139734855e-06,1.0920151330334293e-05
1.0031834942669302e-05,1.1851548139991222e-05
9.656220485865572e-06,1.1204558061411626e-05
1.2230097622410607e-06,1.5410638750969091e-06
1.245750691922412e-06,1.5713830752244817e-06
1.2147268794908048e-06,1.5091338754113476e-06
2.5664048101009318e-05,3.4457581833041543e-05
2.3060381290659513e-05,3.0494303477542985e-05
3.0206580181555896e-05,4.341363402227855e-05
1.2380448586644829e-06,1.554334965175491e-06
1.2358956267744826e-06,1.5605368125079469e-06
1.1998112647655487e-06,1.498363392591583e-06
2.413198665320464e-05,3.3479462795574266e-05
2.174421844000858e-05,2.9307849696087846e-05
2.7777777728519855e-05,4.2659331318725506e-05
2.0514166706878693e-05,2.8181538235445203e-05
1.7591164410951e-05,2.3832489941426122e-05
2.3896026212399872e-05,3.651943268301242e-05
2.291340725837009e-05,2.9642140746211e-05
2.1974531803887223e-05,2.792994887943878e-05
2.9207677369734806e-05,4.06916318115439e-05
1.248429769190406e-06,1.5689151162486502e-06
1.2008630253205126e-06,1.5148013405643968e-06
1.1951817033704664e-06,1.4815387612179693e-06
2.1361547023888085e-05,2.943236998124442e-05
1.9405628871150648e-05,2.5918668211876725e-05
2.6284799697557226e-05,4.013408985187201e-05
1.2299423352824855e-06,1.5647293085043086e-06
1.2792404703541178e-06,1.6177428315367902e-06
1.2002292148366524e-06,1.4821463147064988e-06
8.297603785260075e-08,1.208114523620135e-07
8.213970965807088e-08,1.1948364260546557e-07
8.256159910452296e-08,1.1918201680175412e-07
1.1497583789280332e-06,1.447761317509747e-06
1.18152928997859e-06,1.4828545727525176e-06
1.2044570972242064e-06,1.524199451702132e-06
1.1795429729543293e-06,1.4960414997231273e-06
1.2440328337959472e-06,1.5469472923860014e-06
1.2794167309152986e-06,1.5733371621530783e-06
1.181430655231623e-06,1.497764549343575e-06
1.2939229393838557e-06,1.6162633404152025e-06
1.2470535971745024e-06,1.569072098217046e-06
1.2165255284767567e-06,1.546460049622383e-06
1.2545565530584381e-06,1.5700958602594212e-06
1.2671382494399524e-06,1.5912103345145667e-06
2.6963008169377703e-05,3.528808565631955e-05
2.5298632725737724e-05,3.4165902316025414e-05
2.8004510712713014e-05,3.729813126036649e-05
1.9126352902274338e-05,2.5295723103686447e-05
1.9607479829564835e-05,2.728261765771713e-05
1.9681533032129567e-05,2.6294006388704486e-05
2.5363481526423364e-05,3.3365792262431044e-05
1.96609919495446e-05,2.6206582897803223e-05
1.9477526345946683e-05,2.6976444920158936e-05
2.703256659337869e-05,3.554290477930259e-05
2.348726883412825e-05,3.209860640531017e-05
2.6137927924717605e-05,3.772033354867351e-05
1.174746469090385e-06,1.4724402183686229e-06
1.2513497667868952e-06,1.5480737755889641e-06
1.2449955551541717e-06,1.5546097521374755e-06
1.2196139201277036e-06,1.539796519537645e-06
1.3002221041309873e-06,1.6133801318254536e-06
1.3142740754291278e-06,1.6373950194193377e-06
1.1598400997002262e-06,1.4741446468020167e-06
1.2545293862644874e-06,1.5562757183954386e-06
1.260805239424818e-06,1.5740010810103415e-06
1.2380582377714086e-06,1.5592732101735234e-06
1.2567607931020282e-06,1.58155604247157e-06
1.2585562800751142e-06,1.6059006780727373e-06
9.615736238826883e-06,1.1169734459544775e-05
9.68544708957708e-06,1.1283463006156078e-05
1.2044806494559661e-05,1.4993850534524787e-05
1.178004517990999e-06,1.4763493742842925e-06
1.2203894371519644e-06,1.531305435387027e-06
1.262852284926938e-06,1.598501186969429e-06
2.751713246983875e-05,3.594163824198231e-05
2.5539482714315823e-05,3.466771537025388e-05
2.9517096940931772e-05,3.9263643079592805e-05
1.1866187297172047e-06,1.486317589318518e-06
1.291396141281411e-06,1.6079852701900823e-06
1.2256929451268215e-06,1.5522667276593978e-06
2.720055817313222e-05,3.602456990221213e-05
2.575707662733831e-05,3.5038986044603586e-05
2.6125220493696955e-05,3.731416257641444e-05
2.315709139343242e-05,3.148101015312429e-05
2.152211465395335e-05,2.9949727137917035e-05
2.2795938841511363e-05,3.1386646013881e-05
2.7825165841355028e-05,3.555994840712661e-05
2.8223008063252666e-05,3.6573108954105954e-05
2.8456649681551107e-05,3.7883067083073196e-05
1.1299578553448666e-06,1.4366685407591693e-06
1.2953790634547494e-06,1.6074939209268792e-06
1.2640843806742562e-06,1.5659390057752702e-06
2.582093702429706e-05,3.388091067559551e-05
2.3835475630526028e-05,3.339115007908304e-05
2.3284066618305337e-05,3.247476507724887e-05
1.2105349788543862e-06,1.5132937194859608e-06
1.248878458503733e-06,1.5601030544270788e-06
1.2568732022612423e-06,1.5851699582044536e-06
7.659005135216e-08,1.0904136680800688e-07
8.184392694309962e-08,1.1556799233981484e-07
8.184365235902177e-08,1.213536971740008e-07
1.090754895388663e-06,1.3816454507778678e-06
1.1436583645821208e-06,1.4226891098024294e-06
1.2456109380422357e-06,1.5325893043759127e-06
1.1394921164251504e-06,1.4327066829284277e-06
1.22245480965234e-06,1.5349297747749366e-06
1.2588764793747467e-06,1.5616284066756004e-06
1.188915691306309e-06,1.4985493953238466e-06
1.2572491784478563e-06,1.5698996560543427e-06
1.2233223053156758e-06,1.5288706720532305e-06
1.1768519289515016e-06,1.4765887960315564e-06
1.2732164349595209e-06,1.5736925759761705e-06
1.2527937474484082e-06,1.5663212889951314e-06
3.308315493686124e-05,4.7451938691816155e-05
2.5452577281749946e-05,3.4483078434011065e-05
2.8044323781242937e-05,3.8007315801439954e-05
2.3578088685685342e-05,3.375247977319243e-05
1.8788436944045806e-05,2.5604872831787794e-05
1.975013232071529e-05,2.674982435457888e-05
2.4701173538555612e-05,3.516603252533049e-05
1.9075300525578337e-05,2.7553056902778454e-05
6.257274017636642e-05,0.00013977732683424993
3.6508119738269427e-05,5.3133946128787106e-05
2.4938554998361996e-05,3.361810086051982e-05
3.366376435697263e-05,4.526895065757294e-05
1.1812146026499534e-06,1.4716758516959032e-06
1.214096216496535e-06,1.5259655378170883e-06
1.2714398285695912e-06,1.58211882444695e-06
1.1533112023766703e-06,1.4589786926469967e-06
1.2473019328189325e-06,1.5536645254382502e-06
1.2448314050106606e-06,1.549589154783457e-06
1.1573258380234129e-06,1.450481564921278e-06
1.2637700124161087e-06,1.571162461656637e-06
1.267166343563498e-06,1.577436939400554e-06
1.150675462608863e-06,1.449709324849183e-06
1.2747818249595846e-06,1.5929654851434896e-06
1.2891342768933022e-06,1.6066265180136034e-06
9.912410622898845e-06,1.167304564364585e-05
9.34282918062366e-06,1.069632891396411e-05
9.468063339921829e-06,1.0960722729578832e-05
1.1704160418384264e-06,1.4674678643155831e-06
1.2244101480526442e-06,1.529597665391061e-06
1.2472270072231512e-06,1.5386863682642136e-06
3.296649488752532e-05,4.750381434535259e-05
2.6283140245048758e-05,3.511037359531232e-05
2.784130034288551e-05,3.727037895364475e-05
1.1616692232965296e-06,1.4609026317620607e-06
1.2586946469291513e-06,1.5712778114155766e-06
1.248362392843165e-06,1.5487584034534878e-06
3.536817780118849e-05,5.24183405242144e-05
2.555817999754707e-05,3.6070157548531226e-05
2.8246432641575272e-05,3.9505636552062074e-05
2.8905857312150533e-05,4.261499707581719e-05
2.2139390540128454e-05,3.0870859592262774e-05
2.429802617196086e-05,3.355527776345708e-05
3.685524703616679e-05,4.7718187637919416e-05
2.8868689964255927e-05,3.699985416644779e-05
3.154568046216217e-05,4.030663966769569e-05
1.1605099462791124e-06,1.4485058352018372e-06
1.2418670052755699e-06,1.5597546759141723e-06
1.2245554017195085e-06,1.5297447045652248e-06
2.999091205100813e-05,4.376803531658891e-05
2.3947930398166648e-05,3.308026572767385e-05
2.4729833883754873e-05,3.4140590036744495e-05
1.1650185290052885e-06,1.46333822779597e-06
1.2671608091220362e-06,1.567213355483267e-06
1.2178349768249756e-06,1.5032531402077631e-06
7.98923027467106e-08,1.1690943497795194e-07
7.859624520970952e-08,1.1244168128420927e-07
8.011536119256914e-08,1.148322303868614e-07
1.1002481629822491e-06,1.3728495474381823e-06
1.2387603024331192e-06,1.5431123163053705e-06
1.1616623996037197e-06,1.4406256399515665e-06
1.1518853108454996e-06,1.4350883012418945e-06
1.325039509822971e-06,1.6397844936244356e-06
1.2430053923803573e-06,1.5531560570712346e-06
1.1693667047775255e-06,1.4638151114144487e-06
1.3308814055700992e-06,1.6630548048152338e-06
1.230380761690958e-06,1.5457546501559846e-06
1.152462677955969e-06,1.4395795485905883e-06
1.2927468675734025e-06,1.6053246616875126e-06
1.2320781756425297e-06,1.5402830130810841e-06
2.532166034586695e-05,3.419395952162303e-05
4.5411257681932727e-05,7.053265412740056e-05
2.149267525301773e-05,2.8049826858356936e-05
1.717082446552353e-05,2.3703833042697486e-05
4.0261112219729805e-05,6.959311461885582e-05
1.4497741495816632e-05,1.9298461098267953e-05
1.8360506691598754e-05,2.5616226407227734e-05
3.937756076832467e-05,6.789385322876993e-05
1.4506881679677146e-05,1.893863525129205e-05
3.206975991976232e-05,4.449116254895321e-05
4.201816872908161e-05,6.768399034798353e-05
1.972988437288421e-05,2.7033283483881765e-05
1.150782587201925e-06,1.4429847746451704e-06
1.2736895577495734e-06,1.5963771220988467e-06
1.224436836639511e-06,1.5131675950076297e-06
1.18162139980633e-06,1.4792297437264785e-06
1.335679074217083e-06,1.664631421720951e-06
1.258370134665965e-06,1.5646229662620073e-06
1.1784532671716366e-06,1.4698584226540207e-06
1.3143312047281883e-06,1.6273295107591863e-06
1.2178851285995895e-06,1.5150430702368807e-06
1.209235672531751e-06,1.5046761333912434e-06
1.3020735186554037e-06,1.633617039342104e-06
1.2282331681162432e-06,1.5418222445444673e-06
1.0164193180244169e-05,1.2136929203631748e-05
3.4350171403954935e-05,6.410807265136704e-05
9.428965694788392e-06,1.0936555400759197e-05
1.1493418410205463e-06,1.4306706144733172e-06
1.275324138573316e-06,1.592110554820485e-06
1.1992149540847782e-06,1.4986951895791056e-06
2.7464147556065975e-05,3.6247498160099706e-05
4.6077591786697065e-05,6.98349915438255e-05
2.2591404629707786e-05,2.904808125493492e-05
1.1444743710017454e-06,1.4323861168424449e-06
1.3139988284501826e-06,1.6466474792510964e-06
1.243746983898151e-06,1.5435860208476642e-06
2.3709495912120054e-05,3.4323445436988215e-05
4.668101051151237e-05,7.474788077814577e-05
1.978113378238744e-05,2.6859943630239602e-05
2.0874438844031976e-05,2.9576483542051624e-05
4.100885775680625e-05,6.684281889640035e-05
1.7321980741158948e-05,2.3270098218092126e-05
2.3771719881761793e-05,3.190558666072179e-05
4.5614929475463034e-05,7.143085431628022e-05
1.7509873865267946e-05,2.269958473988263e-05
1.1558385387221304e-06,1.425207781565985e-06
1.2687489147401338e-06,1.5833910670112736e-06
1.2207826439506459e-06,1.5235660412703082e-06
2.254503578361401e-05,3.101709309084419e-05
4.4554651394589385e-05,7.45547307546697e-05
1.9677596390358073e-05,2.636110509484041e-05
1.1470208831509843e-06,1.4406667167560133e-06
1.2939591295098502e-06,1.61333182622191e-06
1.2586055828629246e-06,1.5621218893997779e-06
7.987378478508154e-08,1.1612336590240786e-07
8.03980788180133e-08,1.168044190034851e-07
8.005591993651295e-08,1.1834289071604928e-07
1.208324703877314e-06,1.5162167664629334e-06
1.1933263834641795e-06,1.5105479256619908e-06
1.164697674077936e-06,1.4613955634481573e-06
1.2367410576887825e-06,1.5525404969756442e-06
1.2566715838235349e-06,1.5820742910316651e-06
1.203820530239254e-06,1.534298879810454e-06
1.2848300183574293e-06,1.6066335742770658e-06
1.2246566464158686e-06,1.558924901479122e-06
1.2764143484853523e-06,1.6182693520989674e-06
1.3240203482180573e-06,1.6467139029097387e-06
1.2428888247945365e-06,1.5594354142120013e-06
1.2106213730701087e-06,1.5400217575233811e-06
2.5193341899526568e-05,3.397701378798001e-05
2.4585916340072207e-05,3.2266526206653736e-05
2.9611186746290854e-05,3.86491732476843e-05
1.6740839261868165e-05,2.281501913203024e-05
1.5906990408200334e-05,2.1022062744935264e-05
1.9006112952996868e-05,2.56026397760341e-05
1.761964396275224e-05,2.4199133150727728e-05
1.8605889894395503e-05,2.4818767536855465e-05
1.9212713809620975e-05,2.616061335236955e-05
2.4650030530737663e-05,3.4556095039879225e-05
2.2502922902190104e-05,3.0384664679468694e-05
2.703193477801437e-05,3.612954805712059e-05
1.300452712374975e-06,1.6168096908248728e-06
1.2690305648617946e-06,1.5828727760894639e-06
1.2064501935209222e-06,1.5301583566343028e-06
1.30267638556636e-06,1.6142037345209339e-06
1.2974587381971455e-06,1.6278609393773735e-06
1.2052430176658465e-06,1.5205480215096897e-06
1.2691325153267709e-06,1.5750562374734975e-06
1.2266248590865997e-06,1.5355521160682648e-06
1.2079468799179303e-06,1.535677359100243e-06
1.281021118395421e-06,1.5999967785681453e-06
1.2773251354528584e-06,1.6034249688598197e-06
1.218662307701102e-06,1.5397799699427762e-06
9.35938068190269e-06,1.0860852898915762e-05
9.251428236741468e-06,1.0677045381405246e-05
9.521660436761475e-06,1.1147453493793768e-05
1.2531575654270669e-06,1.564626171671963e-06
1.211413022260633e-06,1.520610887620104e-06
1.2409609398338774e-06,1.57393319221382e-06
2.520879409217318e-05,3.3806329290794855e-05
2.6268565269710695e-05,3.408568363856034e-05
3.0754156687286454e-05,3.9378934737664815e-05
1.238064643259083e-06,1.542291870718442e-06
1.2334142813556498e-06,1.542536006319275e-06
1.202898521575836e-06,1.5096112960168503e-06
2.3095408389013973e-05,3.241813191548106e-05
2.268129965202068e-05,3.07139120577679e-05
2.82917789068048e-05,3.754108490133826e-05
1.9942223755831548e-05,2.7595755068073847e-05
1.9912798667582063e-05,2.6562090787759594e-05
2.345094783883173e-05,3.162047959800853e-05
2.019952715461492e-05,2.864547595078224e-05
2.0553142573662838e-05,2.763040094648562e-05
3.948681221117068e-05,5.127273635661504e-05
1.3020680636916558e-06,1.6154415344937693e-06
1.20454694480332e-06,1.5090825536824123e-06
1.2350722896654227e-06,1.5609179577582264e-06
2.1813944594950594e-05,3.0515125969652666e-05
2.1512550781546595e-05,2.8419010642706365e-05
2.4642853831287556e-05,3.342711010579879e-05
1.261757483927145e-06,1.565610000372649e-06
1.238809361421026e-06,1.5578628190216852e-06
1.238863231384017e-06,1.5674337483518203e-06
9.283787476552583e-08,1.240069645671363e-07
9.569644259953909e-08,1.2716170056665219e-07
9.373426446024605e-08,1.243100488205502e-07
1.1559579809820818e-06,1.4614252199862706e-06
1.175515577524433e-06,1.4791131490600897e-06
1.172012839640904e-06,1.4632110101424705e-06
3.3591717445783125e-05,4.5589516739253194e-05
3.531767202675616e-05,4.617429511194485e-05
3.7099230923179584e-05,4.8380363437926734e-05
1.263882764840289e-06,1.5997267748301993e-06
1.2587001563084333e-06,1.5889199048677486e-06
1.245747418401053e-06,1.554124436801668e-06
1.2720171991366996e-06,1.5858169915765063e-06
1.2738981847963992e-06,1.6034835891439855e-06
1.2571639182547077e-06,1.5572234797544137e-06
3.375967768809132e-05,4.212069928724561e-05
3.592483977030506e-05,4.497139551684222e-05
3.580242056899892e-05,4.542171153394621e-05
1.22202170307241e-06,1.5334668476561053e-06
1.2664358431054911e-06,1.5951977873404025e-06
1.2433806122238035e-06,1.5518830220572647e-06
1.3609608532813117e-06,1.7139796453225582e-06
1.3468136096477272e-06,1.7099731170180741e-06
1.330938576116805e-06,1.6753128906909477e-06
8.509906877189986e-05,0.00010729214144417036
9.773075484467676e-05,0.00012119161053528053
7.05366077835026e-05,8.852523871238884e-05
6.092863176796003e-05,8.296713925438723e-05
3.9123253496109505e-05,4.91005475062871e-05
6.044637865725746e-05,8.639443400482886e-05
3.5433704832296793e-05,4.4080091363864606e-05
3.755850267479739e-05,4.682089668068965e-05
3.7115993505051136e-05,4.688706478131168e-05
1.2545395978393042e-06,1.5667733044350784e-06
1.234296394320313e-06,1.56382754059952e-06
1.1953208732126824e-06,1.4974406886538174e-06
3.1320052945215525e-05,3.876808369783137e-05
3.405305506853425e-05,4.241223524327239e-05
3.4659491339776206e-05,4.348888441878116e-05
5.820556036752966e-05,7.965839362841666e-05
3.338190675892679e-05,4.2552944466377294e-05
3.9516915791824975e-05,5.0599012776258785e-05
3.3728449938231705e-05,4.183047081918252e-05
3.5806350190003496e-05,4.458844271118508e-05
3.63055747269336e-05,4.5670158735722e-05
3.384343601774173e-05,4.200273772577477e-05
3.60604400206246e-05,4.5189188634843325e-05
3.684680585158787e-05,4.6680793560868066e-05
1.2576987654703361e-06,1.5622492962821534e-06
1.262609853222902e-06,1.5899504049805301e-06
1.2365133085743217e-06,1.5419357817198303e-06
4.4820265832833544e-05,5.630479612443818e-05
5.237498964556082e-05,6.554688256823379e-05
4.711153010139192e-05,5.867305589268325e-05
3.186485135850743e-05,3.933466838228685e-05
3.3124817424788234e-05,4.108717293411384e-05
3.3409369871308174e-05,4.171603100898043e-05
5.1006013888355505e-05,6.44230941947819e-05
6.111479716996411e-05,7.991530126182165e-05
7.878708547877777e-05,9.79944567880492e-05
9.601648903724296e-05,0.00012814363518993927
7.936995643025462e-05,9.975909645922641e-05
4.9739219106735515e-05,6.2951798567708e-05
1.2669650257023836e-06,1.5734138135341397e-06
1.265740013309683e-06,1.5900784243023701e-06
1.252791452300239e-06,1.5641564909842658e-06
6.74034146396262e-05,8.668886949757882e-05
6.160893822347729e-05,7.761988947435272e-05
5.799613995022149e-05,7.421430690990598e-05
9.31478044717853e-08,1.2382315934903597e-07
9.067953431095526e-08,1.2228182354451362e-07
9.371712163304484e-08,1.258650315963665e-07
1.1567356439219694e-06,1.4431214460938795e-06
1.2188237919528774e-06,1.5200442726032062e-06
1.095724191708981e-06,1.374897902726881e-06
3.4209930811661435e-05,4.478745870109468e-05
4.035484085882578e-05,5.498224732102583e-05
3.2462260270817175e-05,4.1258789970585756e-05
1.2190798497471527e-06,1.536053165812771e-06
1.2862997689431753e-06,1.601301646649343e-06
1.1950518032202105e-06,1.5000287951271701e-06
1.239273631369993e-06,1.5430156599716404e-06
1.3158449199653304e-06,1.6289784173657918e-06
1.2967841472316893e-06,1.62072068060175e-06
3.2678639358619075e-05,4.0937909086952165e-05
3.61939648168547e-05,4.523666187467919e-05
3.070282959050992e-05,3.837200357210867e-05
1.216281976380112e-06,1.5175453014256184e-06
1.3116147585717587e-06,1.6361950480875368e-06
1.2073486176244496e-06,1.5157617180573922e-06
1.2556303626647194e-06,1.571185363291806e-06
1.320956017323603e-06,1.6554471104246463e-06
1.2532013685851285e-06,1.583456976867289e-06
8.828833921858179e-05,0.00011113051681701844
8.323994145550673e-05,0.00010440774856089222
8.583070355360497e-05,0.0001075972032173643
4.2029645401089824e-05,5.849130736858893e-05
3.131785354071813e-05,3.895644879939942e-05
3.207082890880082e-05,4.019828110148108e-05
3.3998988997830384e-05,4.282676972376085e-05
4.748750864750403e-05,6.402309019043649e-05
3.0776386885340386e-05,3.8291471160894916e-05
1.2334085542052933e-06,1.5321186849071385e-06
1.2888939567218006e-06,1.6071570807223976e-06
1.226358862929633e-06,1.533908275557732e-06
3.0290008302755357e-05,3.761646472337883e-05
3.211841342945781e-05,3.994644147927069e-05
2.9644373701790388e-05,3.6757539946685616e-05
3.267652104078177e-05,4.0830705179754705e-05
3.328787871208339e-05,4.350446924059828e-05
3.1867282055969874e-05,4.1055204021647076e-05
3.183985733456824e-05,3.9572919158039896e-05
3.3937758701208084e-05,4.214166375674605e-05
3.305717158518439e-05,4.1237028427675224e-05
3.15122687825488e-05,3.9152985060218366e-05
3.419783915776525e-05,4.252717093129904e-05
3.196989584185822e-05,3.986125964021179e-05
1.205998646005838e-06,1.498957387918542e-06
1.2715409332491793e-06,1.600935465772707e-06
1.2396980615151123e-06,1.5589208623227684e-06
4.222705566351419e-05,5.345299497571622e-05
4.007187841809092e-05,5.028451199745463e-05
3.993259234640326e-05,5.131492018230752e-05
3.0307700722498587e-05,3.72690745828701e-05
3.2084229470145346e-05,3.989653793926837e-05
3.131298873310635e-05,3.893915305338302e-05
5.713222424580147e-05,7.168349807394752e-05
5.18095525131233e-05,6.764698266024902e-05
5.877026816666699e-05,7.206675642373662e-05
0.00010327596725327009,0.00013290976805481228
8.3542462054271e-05,0.00011633114961844159
7.01630347492298e-05,8.998814880859546e-05
1.2527734068310755e-06,1.5571897176897554e-06
1.2946139638885196e-06,1.6162532281905382e-06
1.2442679483940934e-06,1.5494198100743456e-06
7.095442020211366e-05,8.951589960186198e-05
7.420171077012647e-05,9.34956469159878e-05
6.085891948697106e-05,7.633316946778566e-05
9.163891753787911e-08,1.2427365497766717e-07
9.286855290978526e-08,1.2454881987570474e-07
9.18907968744505e-08,1.2438830736472928e-07
1.0987516257451014e-06,1.383543770319693e-06
1.141738603974473e-06,1.443309936884836e-06
1.1044155214838975e-06,1.3858362872052614e-06
3.130526639292011e-05,4.007877332560901e-05
2.778801457044993e-05,3.5519065961077275e-05
3.115798319407901e-05,4.0156599226390824e-05
1.2477517759489052e-06,1.5743956584118037e-06
1.2697143686254067e-06,1.5889846842713653e-06
1.1820513183837602e-06,1.4894895327293206e-06
1.218088651301226e-06,1.5434301976660865e-06
1.2594155661514301e-06,1.5769884141532507e-06
1.1677827284953257e-06,1.467490096081881e-06
3.355364478854798e-05,4.218432524738549e-05
3.0997998945427355e-05,3.8865375938885655e-05
2.9699876824537288e-05,3.676498559868564e-05
1.2082478126232868e-06,1.5329199198224962e-06
1.302959078500589e-06,1.6168738653339301e-06
1.1662370065326202e-06,1.460364642973853e-06
1.204817007029541e-06,1.5267159593919754e-06
1.2426185109807602e-06,1.5616655770583635e-06
1.200010580275559e-06,1.5078803311950597e-06
9.084496751712524e-05,0.00011437964077095177
8.188230134202913e-05,0.00010314287785202986
7.699718069732179e-05,0.0001003120914822949
2.864025510893774e-05,3.563822923036575e-05
3.0312317275559016e-05,3.787213576632407e-05
3.50589189740399e-05,4.6918647865260687e-05
3.372507887284662e-05,4.301586046115805e-05
3.231980189149992e-05,4.038246024096794e-05
2.9762520917678185e-05,3.6887303247066314e-05
1.1949398817051836e-06,1.5051182452336227e-06
1.2559564659934134e-06,1.5614531350420884e-06
1.1858010081749932e-06,1.4839389519359109e-06
3.265903823156562e-05,4.0808172070347296e-05
3.011460456253444e-05,3.7442312180258496e-05
2.8815660765309846e-05,3.5587132488952274e-05
4.2028405017339374e-05,5.463414809115968e-05
3.878363186759364e-05,5.3441583034884144e-05
4.02082171995113e-05,5.458454461086665e-05
3.49537086376985e-05,4.388661901897736e-05
3.265272419649247e-05,4.081158914883717e-05
3.0998979811971125e-05,3.854310347160633e-05
3.5189688309376236e-05,4.430401724821227e-05
3.247425566578977e-05,4.098950726114119e-05
3.056766950138078e-05,3.796504476054832e-05
1.2356259101906562e-06,1.5384235208389696e-06
1.2158584549376133e-06,1.5068627786668968e-06
1.1676097342559128e-06,1.4694350554019562e-06
4.638891911439559e-05,5.7838193930780666e-05
3.950816766167622e-05,4.936372472548796e-05
3.8289767406921306e-05,4.882715846855857e-05
3.134704166712234e-05,3.886673402015348e-05
2.9429056329670053e-05,3.63438137603247e-05
2.8419488433987798e-05,3.4860831478163734e-05
5.258538612052807e-05,6.649098266586786e-05
5.1223589036887416e-05,6.230215358517153e-05
5.44202686477346e-05,6.772110830679842e-05
8.258174663948792e-05,0.00011791647930444488
7.725067470683064e-05,0.00011529111715947013
4.5839153672575674e-05,5.985116117577924e-05
1.2231983305831026e-06,1.5480065673941977e-06
1.244896708535707e-06,1.562945378747694e-06
1.1846608183476001e-06,1.4896497676494014e-06
6.214131842586256e-05,7.811359128763167e-05
4.7752728347135404e-05,5.998287544564101e-05
4.5978190647487285e-05,5.876886416532304e-05
9.483816895340937e-08,1.274993826982254e-07
9.090654781041041e-08,1.2333810077935182e-07
9.120835374734728e-08,1.2492568483277927e-07
1.191705193295992e-06,1.4995948424454884e-06
3.247710249232644e-06,5.159587990241065e-06
1.7686883177491795e-05,2.8594505211377613e-05
3.0831126754606726e-05,4.0733035835463955e-05
3.2348250522889633e-05,4.660911364528823e-05
3.141121330906294e-05,4.649484427019685e-05
1.255777570159299e-06,1.5807371047354955e-06
1.2334305847746706e-06,1.5507458566120554e-06
1.2959147585944578e-06,1.6011710698043723e-06
1.2812031034072355e-06,1.587845960460905e-06
1.2097397877599442e-06,1.5506882318360082e-06
1.2725715178287542e-06,1.5752400662185047e-06
3.203778909258144e-05,4.200790748670655e-05
3.620171343994372e-05,4.927666262663961e-05
3.177666292590865e-05,4.650008262098139e-05
1.2487188296504868e-06,1.5591129148723007e-06
1.1982862075836498e-06,1.5197463605808849e-06
1.2935222496572613e-06,1.5985421269827706e-06
1.2865694730847874e-06,1.612243611642522e-06
1.22141446301568e-06,1.5685062523876865e-06
1.3058454243925687e-06,1.605542085950516e-06
9.986740781872269e-05,0.00012777110720090857
9.099497049720187e-05,0.00011348833519159564
0.00010473487672491184,0.00014866827986037657
3.8040130439050926e-05,5.447158721025759e-05
3.413253643720737e-05,4.773983937226279e-05
3.309732142035047e-05,4.78683007767733e-05
4.366943536285554e-05,6.147310676096679e-05
5.543965527344791e-05,7.566070120588065e-05
5.655233326917238e-05,7.562756668207285e-05
1.2594665484446313e-06,1.5696454939320913e-06
1.168511439729497e-06,1.480091951612011e-06
1.2853859632188276e-06,1.5785194698278748e-06
3.178527307667134e-05,4.1718352836443035e-05
3.519916140350507e-05,4.846833459342602e-05
3.2061942428416946e-05,4.682916897065815e-05
3.37804056918362e-05,4.449218226468778e-05
3.979344644802521e-05,5.5090280479723014e-05
3.738031880553754e-05,5.3178527356649395e-05
3.390053444261843e-05,4.4356427906841044e-05
3.922345076354251e-05,5.291040263035359e-05
3.335439220981935e-05,4.869720151591551e-05
3.580822095105207e-05,4.683157218512779e-05
3.883322451962788e-05,5.2561991557899814e-05
3.626114938597573e-05,5.2111497070631315e-05
1.256135180259745e-06,1.5617290211921407e-06
1.2061436585250378e-06,1.5197895720081958e-06
1.253466200076799e-06,1.544230521161043e-06
4.1195317144951706e-05,5.325116634951917e-05
4.169269603056877e-05,5.533730161364674e-05
3.6797528964164354e-05,5.239256865138896e-05
3.257025557193965e-05,4.218808520231724e-05
3.51975524942905e-05,4.913482938380704e-05
3.263362212986738e-05,4.7427307202149093e-05
6.394244135319307e-05,8.011625322443712e-05
5.8148535840227576e-05,7.278508425638642e-05
5.273495465584012e-05,6.929693213077889e-05
4.0496677996951e-05,5.2041555571913634e-05
4.698043971263286e-05,6.221414024366587e-05
4.831019810034183e-05,6.711211055743765e-05
1.281345227791075e-06,1.5909457202716402e-06
1.2121163764175221e-06,1.5351085229377056e-06
1.2518763587369488e-06,1.553847538896015e-06
5.5493626442602055e-05,7.103134678916868e-05
6.206049659489468e-05,8.050768355181779e-05
6.147375105259875e-05,7.97956442748519e-05
